time_start,precipitation
"Jan 1, 1981",1.066
"Jan 6, 1981",0.763
"Jan 11, 1981",0.624
"Jan 16, 1981",0.315
"Jan 21, 1981",0.62
"Jan 26, 1981",0.989
"Feb 1, 1981",2.344
"Feb 6, 1981",3.2
"Feb 11, 1981",5.675
"Feb 16, 1981",2.233
"Feb 21, 1981",2.586
"Feb 26, 1981",1.315
"Mar 1, 1981",6.756
"Mar 6, 1981",10.382
"Mar 11, 1981",23.825
"Mar 16, 1981",12.888
"Mar 21, 1981",7.801
"Mar 26, 1981",7.598
"Apr 1, 1981",9.633
"Apr 6, 1981",7.982
"Apr 11, 1981",13.241
"Apr 16, 1981",8.463
"Apr 21, 1981",21.83
"Apr 26, 1981",12.694
"May 1, 1981",43.027
"May 6, 1981",61.672
"May 11, 1981",33.528
"May 16, 1981",32.73
"May 21, 1981",32.94
"May 26, 1981",48
"Jun 1, 1981",25.631
"Jun 6, 1981",50.01
"Jun 11, 1981",36.154
"Jun 16, 1981",77.582
"Jun 21, 1981",47.207
"Jun 26, 1981",45.942
"Jul 1, 1981",156.696
"Jul 6, 1981",60.489
"Jul 11, 1981",84.105
"Jul 16, 1981",65.99
"Jul 21, 1981",120.211
"Jul 26, 1981",61.105
"Aug 1, 1981",135.191
"Aug 6, 1981",52.635
"Aug 11, 1981",114.741
"Aug 16, 1981",95.005
"Aug 21, 1981",75.902
"Aug 26, 1981",51.465
"Sep 1, 1981",85.923
"Sep 6, 1981",28.865
"Sep 11, 1981",56.925
"Sep 16, 1981",110.963
"Sep 21, 1981",75.409
"Sep 26, 1981",90.506
"Oct 1, 1981",81.843
"Oct 6, 1981",48.223
"Oct 11, 1981",50.795
"Oct 16, 1981",68.511
"Oct 21, 1981",37.208
"Oct 26, 1981",46.315
"Nov 1, 1981",29.926
"Nov 6, 1981",4.004
"Nov 11, 1981",14.046
"Nov 16, 1981",23.719
"Nov 21, 1981",20.35
"Nov 26, 1981",3.183
"Dec 1, 1981",9.97
"Dec 6, 1981",3.761
"Dec 11, 1981",1.722
"Dec 16, 1981",1.956
"Dec 21, 1981",2.485
"Dec 26, 1981",2.039
"Jan 1, 1982",1.114
"Jan 6, 1982",0.779
"Jan 11, 1982",0.651
"Jan 16, 1982",0.605
"Jan 21, 1982",0.634
"Jan 26, 1982",0.905
"Feb 1, 1982",2.059
"Feb 6, 1982",2.568
"Feb 11, 1982",2.881
"Feb 16, 1982",1.385
"Feb 21, 1982",3.463
"Feb 26, 1982",0.695
"Mar 1, 1982",3.64
"Mar 6, 1982",3.615
"Mar 11, 1982",4.863
"Mar 16, 1982",6.824
"Mar 21, 1982",9.684
"Mar 26, 1982",11.186
"Apr 1, 1982",11.973
"Apr 6, 1982",16.185
"Apr 11, 1982",8.878
"Apr 16, 1982",13.501
"Apr 21, 1982",31.148
"Apr 26, 1982",43.277
"May 1, 1982",34.851
"May 6, 1982",20.816
"May 11, 1982",33.723
"May 16, 1982",42.762
"May 21, 1982",45.707
"May 26, 1982",50.267
"Jun 1, 1982",58.152
"Jun 6, 1982",89.19
"Jun 11, 1982",71.174
"Jun 16, 1982",47.258
"Jun 21, 1982",49.985
"Jun 26, 1982",77.398
"Jul 1, 1982",110.454
"Jul 6, 1982",83.86
"Jul 11, 1982",46.523
"Jul 16, 1982",163.378
"Jul 21, 1982",70.556
"Jul 26, 1982",80.027
"Aug 1, 1982",142.184
"Aug 6, 1982",59.737
"Aug 11, 1982",95.949
"Aug 16, 1982",95.854
"Aug 21, 1982",69.263
"Aug 26, 1982",172.066
"Sep 1, 1982",70.993
"Sep 6, 1982",67.197
"Sep 11, 1982",41.796
"Sep 16, 1982",63.837
"Sep 21, 1982",48.214
"Sep 26, 1982",75.707
"Oct 1, 1982",32.936
"Oct 6, 1982",59.862
"Oct 11, 1982",41.164
"Oct 16, 1982",33.234
"Oct 21, 1982",48.128
"Oct 26, 1982",62.082
"Nov 1, 1982",24.95
"Nov 6, 1982",19.298
"Nov 11, 1982",39.822
"Nov 16, 1982",3.489
"Nov 21, 1982",19.406
"Nov 26, 1982",6.495
"Dec 1, 1982",2.488
"Dec 6, 1982",4.654
"Dec 11, 1982",1.38
"Dec 16, 1982",1.132
"Dec 21, 1982",0.816
"Dec 26, 1982",0.729
"Jan 1, 1983",1.149
"Jan 6, 1983",0.719
"Jan 11, 1983",0.608
"Jan 16, 1983",0.58
"Jan 21, 1983",0.599
"Jan 26, 1983",0.987
"Feb 1, 1983",1.354
"Feb 6, 1983",1.205
"Feb 11, 1983",1.195
"Feb 16, 1983",5.668
"Feb 21, 1983",2.472
"Feb 26, 1983",1.691
"Mar 1, 1983",2.582
"Mar 6, 1983",2.506
"Mar 11, 1983",6.956
"Mar 16, 1983",2.388
"Mar 21, 1983",6.604
"Mar 26, 1983",6.522
"Apr 1, 1983",8.896
"Apr 6, 1983",6.066
"Apr 11, 1983",28.377
"Apr 16, 1983",18.632
"Apr 21, 1983",5.413
"Apr 26, 1983",8.164
"May 1, 1983",30.876
"May 6, 1983",30.686
"May 11, 1983",50.814
"May 16, 1983",34.908
"May 21, 1983",28.756
"May 26, 1983",76.924
"Jun 1, 1983",70.325
"Jun 6, 1983",74.808
"Jun 11, 1983",90.186
"Jun 16, 1983",35.579
"Jun 21, 1983",38.593
"Jun 26, 1983",63.336
"Jul 1, 1983",57.801
"Jul 6, 1983",60.943
"Jul 11, 1983",107.934
"Jul 16, 1983",66.318
"Jul 21, 1983",81.206
"Jul 26, 1983",132.907
"Aug 1, 1983",65.505
"Aug 6, 1983",121.415
"Aug 11, 1983",125.032
"Aug 16, 1983",44.192
"Aug 21, 1983",61.897
"Aug 26, 1983",168.615
"Sep 1, 1983",28.448
"Sep 6, 1983",90.785
"Sep 11, 1983",85.132
"Sep 16, 1983",50.892
"Sep 21, 1983",119.201
"Sep 26, 1983",45.676
"Oct 1, 1983",36.332
"Oct 6, 1983",55.035
"Oct 11, 1983",50.219
"Oct 16, 1983",58.494
"Oct 21, 1983",60.085
"Oct 26, 1983",31.604
"Nov 1, 1983",11.565
"Nov 6, 1983",20.873
"Nov 11, 1983",12.25
"Nov 16, 1983",15.288
"Nov 21, 1983",19.45
"Nov 26, 1983",50.703
"Dec 1, 1983",6.232
"Dec 6, 1983",10.015
"Dec 11, 1983",1.836
"Dec 16, 1983",1.778
"Dec 21, 1983",1.831
"Dec 26, 1983",4.006
"Jan 1, 1984",1.546
"Jan 6, 1984",0.827
"Jan 11, 1984",0.668
"Jan 16, 1984",0.634
"Jan 21, 1984",0.688
"Jan 26, 1984",0.859
"Feb 1, 1984",1.813
"Feb 6, 1984",1.194
"Feb 11, 1984",1.416
"Feb 16, 1984",1.436
"Feb 21, 1984",1.502
"Feb 26, 1984",2.587
"Mar 1, 1984",5.109
"Mar 6, 1984",3.212
"Mar 11, 1984",3.774
"Mar 16, 1984",22.505
"Mar 21, 1984",6.891
"Mar 26, 1984",19.562
"Apr 1, 1984",13.854
"Apr 6, 1984",14.414
"Apr 11, 1984",27.103
"Apr 16, 1984",41.873
"Apr 21, 1984",9.184
"Apr 26, 1984",40.431
"May 1, 1984",39.481
"May 6, 1984",69.806
"May 11, 1984",47.046
"May 16, 1984",45.478
"May 21, 1984",39.055
"May 26, 1984",48.427
"Jun 1, 1984",38.634
"Jun 6, 1984",97.548
"Jun 11, 1984",55.71
"Jun 16, 1984",65.462
"Jun 21, 1984",47.393
"Jun 26, 1984",48.469
"Jul 1, 1984",134.861
"Jul 6, 1984",97.482
"Jul 11, 1984",79.41
"Jul 16, 1984",69.541
"Jul 21, 1984",93.93
"Jul 26, 1984",107.387
"Aug 1, 1984",102.085
"Aug 6, 1984",60.668
"Aug 11, 1984",48.829
"Aug 16, 1984",99.787
"Aug 21, 1984",90.101
"Aug 26, 1984",88.385
"Sep 1, 1984",19.604
"Sep 6, 1984",86.921
"Sep 11, 1984",58.133
"Sep 16, 1984",51.97
"Sep 21, 1984",88.724
"Sep 26, 1984",63.171
"Oct 1, 1984",61.479
"Oct 6, 1984",44.607
"Oct 11, 1984",65.843
"Oct 16, 1984",45.751
"Oct 21, 1984",26.373
"Oct 26, 1984",27.518
"Nov 1, 1984",37.614
"Nov 6, 1984",15.366
"Nov 11, 1984",21.226
"Nov 16, 1984",21.971
"Nov 21, 1984",12.915
"Nov 26, 1984",9.416
"Dec 1, 1984",2.451
"Dec 6, 1984",1.572
"Dec 11, 1984",1.504
"Dec 16, 1984",0.877
"Dec 21, 1984",1.233
"Dec 26, 1984",1.978
"Jan 1, 1985",1.581
"Jan 6, 1985",1.305
"Jan 11, 1985",1.015
"Jan 16, 1985",0.926
"Jan 21, 1985",1.026
"Jan 26, 1985",1.477
"Feb 1, 1985",2.172
"Feb 6, 1985",1.628
"Feb 11, 1985",1.64
"Feb 16, 1985",5.137
"Feb 21, 1985",1.809
"Feb 26, 1985",8.789
"Mar 1, 1985",3.741
"Mar 6, 1985",2.628
"Mar 11, 1985",5.662
"Mar 16, 1985",4.092
"Mar 21, 1985",9.145
"Mar 26, 1985",14.589
"Apr 1, 1985",4.233
"Apr 6, 1985",33.393
"Apr 11, 1985",8.946
"Apr 16, 1985",7.315
"Apr 21, 1985",17.308
"Apr 26, 1985",4.161
"May 1, 1985",11.154
"May 6, 1985",8.924
"May 11, 1985",27.467
"May 16, 1985",12.383
"May 21, 1985",26.94
"May 26, 1985",40.008
"Jun 1, 1985",40.085
"Jun 6, 1985",62.506
"Jun 11, 1985",36.295
"Jun 16, 1985",44.005
"Jun 21, 1985",36.071
"Jun 26, 1985",62.99
"Jul 1, 1985",89.832
"Jul 6, 1985",81.954
"Jul 11, 1985",99.084
"Jul 16, 1985",98.111
"Jul 21, 1985",102.414
"Jul 26, 1985",144.545
"Aug 1, 1985",124.916
"Aug 6, 1985",112.787
"Aug 11, 1985",138.042
"Aug 16, 1985",115.285
"Aug 21, 1985",150.848
"Aug 26, 1985",44.15
"Sep 1, 1985",84.88
"Sep 6, 1985",48.683
"Sep 11, 1985",65.247
"Sep 16, 1985",67.314
"Sep 21, 1985",83.814
"Sep 26, 1985",74.576
"Oct 1, 1985",47.193
"Oct 6, 1985",41.917
"Oct 11, 1985",63.501
"Oct 16, 1985",58.87
"Oct 21, 1985",32.501
"Oct 26, 1985",51.929
"Nov 1, 1985",38.354
"Nov 6, 1985",14.671
"Nov 11, 1985",33.054
"Nov 16, 1985",47.594
"Nov 21, 1985",10.331
"Nov 26, 1985",23.802
"Dec 1, 1985",2.567
"Dec 6, 1985",0.95
"Dec 11, 1985",1.526
"Dec 16, 1985",3.199
"Dec 21, 1985",0.921
"Dec 26, 1985",0.964
"Jan 1, 1986",1.033
"Jan 6, 1986",0.766
"Jan 11, 1986",0.632
"Jan 16, 1986",0.592
"Jan 21, 1986",0.618
"Jan 26, 1986",1.281
"Feb 1, 1986",1.617
"Feb 6, 1986",2.3
"Feb 11, 1986",1.977
"Feb 16, 1986",3.624
"Feb 21, 1986",2.439
"Feb 26, 1986",1.824
"Mar 1, 1986",6.445
"Mar 6, 1986",5.813
"Mar 11, 1986",2.197
"Mar 16, 1986",2.679
"Mar 21, 1986",2.802
"Mar 26, 1986",4.749
"Apr 1, 1986",10.088
"Apr 6, 1986",5.611
"Apr 11, 1986",5.691
"Apr 16, 1986",6.457
"Apr 21, 1986",12.686
"Apr 26, 1986",36.341
"May 1, 1986",22.775
"May 6, 1986",28.012
"May 11, 1986",32.025
"May 16, 1986",47.782
"May 21, 1986",31.935
"May 26, 1986",61.901
"Jun 1, 1986",44.61
"Jun 6, 1986",48.496
"Jun 11, 1986",87.668
"Jun 16, 1986",14.813
"Jun 21, 1986",38.094
"Jun 26, 1986",39.241
"Jul 1, 1986",135.34
"Jul 6, 1986",99.056
"Jul 11, 1986",56.106
"Jul 16, 1986",62.087
"Jul 21, 1986",61.148
"Jul 26, 1986",94.057
"Aug 1, 1986",147.994
"Aug 6, 1986",117.922
"Aug 11, 1986",48.275
"Aug 16, 1986",62.58
"Aug 21, 1986",123.221
"Aug 26, 1986",142.18
"Sep 1, 1986",84.043
"Sep 6, 1986",55.282
"Sep 11, 1986",63.827
"Sep 16, 1986",58.581
"Sep 21, 1986",45.78
"Sep 26, 1986",79.8
"Oct 1, 1986",62.09
"Oct 6, 1986",48.514
"Oct 11, 1986",48.66
"Oct 16, 1986",48.955
"Oct 21, 1986",59.381
"Oct 26, 1986",42.987
"Nov 1, 1986",22.205
"Nov 6, 1986",29.075
"Nov 11, 1986",11.175
"Nov 16, 1986",17.254
"Nov 21, 1986",18.285
"Nov 26, 1986",21.061
"Dec 1, 1986",2.093
"Dec 6, 1986",1.696
"Dec 11, 1986",1.049
"Dec 16, 1986",0.858
"Dec 21, 1986",1.048
"Dec 26, 1986",0.983
"Jan 1, 1987",2.017
"Jan 6, 1987",1.649
"Jan 11, 1987",1.317
"Jan 16, 1987",1.315
"Jan 21, 1987",1.8
"Jan 26, 1987",2.221
"Feb 1, 1987",1.494
"Feb 6, 1987",3.769
"Feb 11, 1987",1.56
"Feb 16, 1987",1.518
"Feb 21, 1987",2.673
"Feb 26, 1987",1.54
"Mar 1, 1987",2.306
"Mar 6, 1987",3.423
"Mar 11, 1987",2.13
"Mar 16, 1987",1.672
"Mar 21, 1987",5.33
"Mar 26, 1987",3.801
"Apr 1, 1987",18.435
"Apr 6, 1987",14.51
"Apr 11, 1987",6.84
"Apr 16, 1987",12.283
"Apr 21, 1987",20.654
"Apr 26, 1987",25.534
"May 1, 1987",21.734
"May 6, 1987",32.981
"May 11, 1987",38.184
"May 16, 1987",25.16
"May 21, 1987",28.902
"May 26, 1987",49.151
"Jun 1, 1987",44.227
"Jun 6, 1987",51.59
"Jun 11, 1987",48.93
"Jun 16, 1987",45.651
"Jun 21, 1987",63.362
"Jun 26, 1987",62.954
"Jul 1, 1987",71.228
"Jul 6, 1987",71.219
"Jul 11, 1987",70.259
"Jul 16, 1987",87.253
"Jul 21, 1987",107.562
"Jul 26, 1987",91.556
"Aug 1, 1987",156.129
"Aug 6, 1987",168.836
"Aug 11, 1987",72.638
"Aug 16, 1987",79.095
"Aug 21, 1987",70.065
"Aug 26, 1987",116.006
"Sep 1, 1987",68.545
"Sep 6, 1987",97.429
"Sep 11, 1987",87.405
"Sep 16, 1987",93.738
"Sep 21, 1987",52.778
"Sep 26, 1987",102.578
"Oct 1, 1987",39.757
"Oct 6, 1987",37.397
"Oct 11, 1987",64.546
"Oct 16, 1987",47.481
"Oct 21, 1987",37.051
"Oct 26, 1987",43.215
"Nov 1, 1987",9.642
"Nov 6, 1987",12.665
"Nov 11, 1987",36.31
"Nov 16, 1987",22.371
"Nov 21, 1987",7.968
"Nov 26, 1987",21.309
"Dec 1, 1987",11.895
"Dec 6, 1987",7.907
"Dec 11, 1987",1.884
"Dec 16, 1987",1.233
"Dec 21, 1987",1.93
"Dec 26, 1987",2.332
"Jan 1, 1988",0.714
"Jan 6, 1988",0.821
"Jan 11, 1988",0.357
"Jan 16, 1988",0.753
"Jan 21, 1988",0.668
"Jan 26, 1988",0.955
"Feb 1, 1988",1.277
"Feb 6, 1988",1.141
"Feb 11, 1988",1.174
"Feb 16, 1988",1.438
"Feb 21, 1988",8.758
"Feb 26, 1988",2.392
"Mar 1, 1988",7.764
"Mar 6, 1988",3.126
"Mar 11, 1988",2.092
"Mar 16, 1988",8.781
"Mar 21, 1988",2.148
"Mar 26, 1988",5.749
"Apr 1, 1988",7.895
"Apr 6, 1988",4.267
"Apr 11, 1988",18.414
"Apr 16, 1988",8.453
"Apr 21, 1988",9.903
"Apr 26, 1988",31.329
"May 1, 1988",18.291
"May 6, 1988",15.104
"May 11, 1988",43.2
"May 16, 1988",17.308
"May 21, 1988",31.257
"May 26, 1988",46.085
"Jun 1, 1988",57.693
"Jun 6, 1988",46.872
"Jun 11, 1988",49.002
"Jun 16, 1988",64.887
"Jun 21, 1988",75.797
"Jun 26, 1988",47.196
"Jul 1, 1988",120.274
"Jul 6, 1988",108.533
"Jul 11, 1988",83.6
"Jul 16, 1988",66.316
"Jul 21, 1988",111.929
"Jul 26, 1988",137.514
"Aug 1, 1988",92.8
"Aug 6, 1988",82.095
"Aug 11, 1988",101.419
"Aug 16, 1988",110.881
"Aug 21, 1988",74.94
"Aug 26, 1988",180.493
"Sep 1, 1988",78.294
"Sep 6, 1988",50.86
"Sep 11, 1988",74.656
"Sep 16, 1988",90.124
"Sep 21, 1988",51.393
"Sep 26, 1988",94.024
"Oct 1, 1988",36.007
"Oct 6, 1988",31.599
"Oct 11, 1988",38.198
"Oct 16, 1988",48.782
"Oct 21, 1988",39.171
"Oct 26, 1988",44.295
"Nov 1, 1988",20.961
"Nov 6, 1988",13.64
"Nov 11, 1988",33.117
"Nov 16, 1988",16.755
"Nov 21, 1988",3.194
"Nov 26, 1988",11.186
"Dec 1, 1988",1.722
"Dec 6, 1988",3.568
"Dec 11, 1988",1.514
"Dec 16, 1988",1.404
"Dec 21, 1988",1.429
"Dec 26, 1988",1.472
"Jan 1, 1989",1.408
"Jan 6, 1989",1.191
"Jan 11, 1989",0.85
"Jan 16, 1989",0.799
"Jan 21, 1989",0.869
"Jan 26, 1989",1.172
"Feb 1, 1989",1.256
"Feb 6, 1989",2.112
"Feb 11, 1989",5.275
"Feb 16, 1989",2.414
"Feb 21, 1989",2.279
"Feb 26, 1989",1.057
"Mar 1, 1989",19.314
"Mar 6, 1989",6.326
"Mar 11, 1989",10.237
"Mar 16, 1989",11.324
"Mar 21, 1989",8.694
"Mar 26, 1989",9.97
"Apr 1, 1989",16.802
"Apr 6, 1989",29.564
"Apr 11, 1989",8.087
"Apr 16, 1989",15.291
"Apr 21, 1989",3.584
"Apr 26, 1989",14.129
"May 1, 1989",25.558
"May 6, 1989",39.458
"May 11, 1989",47.413
"May 16, 1989",23.24
"May 21, 1989",32.681
"May 26, 1989",63.855
"Jun 1, 1989",49.81
"Jun 6, 1989",42.729
"Jun 11, 1989",68.478
"Jun 16, 1989",45.994
"Jun 21, 1989",49.121
"Jun 26, 1989",124.923
"Jul 1, 1989",62.513
"Jul 6, 1989",114.917
"Jul 11, 1989",80.476
"Jul 16, 1989",55.184
"Jul 21, 1989",56.3
"Jul 26, 1989",134.256
"Aug 1, 1989",88.431
"Aug 6, 1989",86.458
"Aug 11, 1989",92.246
"Aug 16, 1989",107.675
"Aug 21, 1989",93.11
"Aug 26, 1989",245.476
"Sep 1, 1989",73.586
"Sep 6, 1989",101.37
"Sep 11, 1989",81.05
"Sep 16, 1989",37.717
"Sep 21, 1989",52.062
"Sep 26, 1989",101.519
"Oct 1, 1989",62.083
"Oct 6, 1989",58.472
"Oct 11, 1989",66.165
"Oct 16, 1989",52.146
"Oct 21, 1989",64.603
"Oct 26, 1989",45.939
"Nov 1, 1989",35.156
"Nov 6, 1989",19.193
"Nov 11, 1989",26.526
"Nov 16, 1989",24.415
"Nov 21, 1989",48.448
"Nov 26, 1989",8.727
"Dec 1, 1989",5.605
"Dec 6, 1989",12.238
"Dec 11, 1989",2.994
"Dec 16, 1989",6.039
"Dec 21, 1989",1.253
"Dec 26, 1989",4.03
"Jan 1, 1990",1.005
"Jan 6, 1990",0.772
"Jan 11, 1990",0.938
"Jan 16, 1990",0.699
"Jan 21, 1990",0.957
"Jan 26, 1990",0.872
"Feb 1, 1990",1.043
"Feb 6, 1990",1.448
"Feb 11, 1990",1.307
"Feb 16, 1990",1.58
"Feb 21, 1990",2.529
"Feb 26, 1990",1.533
"Mar 1, 1990",2.661
"Mar 6, 1990",9.985
"Mar 11, 1990",6.31
"Mar 16, 1990",2.03
"Mar 21, 1990",1.829
"Mar 26, 1990",3.701
"Apr 1, 1990",11.005
"Apr 6, 1990",19.403
"Apr 11, 1990",8.627
"Apr 16, 1990",10.453
"Apr 21, 1990",13.925
"Apr 26, 1990",14.352
"May 1, 1990",42.748
"May 6, 1990",25.818
"May 11, 1990",24.834
"May 16, 1990",27.285
"May 21, 1990",49.146
"May 26, 1990",31.565
"Jun 1, 1990",34.71
"Jun 6, 1990",30.716
"Jun 11, 1990",45.04
"Jun 16, 1990",83.383
"Jun 21, 1990",55.764
"Jun 26, 1990",45.997
"Jul 1, 1990",53.121
"Jul 6, 1990",90.672
"Jul 11, 1990",55.999
"Jul 16, 1990",68.218
"Jul 21, 1990",56.124
"Jul 26, 1990",106.852
"Aug 1, 1990",86.075
"Aug 6, 1990",79.354
"Aug 11, 1990",58.218
"Aug 16, 1990",116.865
"Aug 21, 1990",119.728
"Aug 26, 1990",125.722
"Sep 1, 1990",87.672
"Sep 6, 1990",78.314
"Sep 11, 1990",90.28
"Sep 16, 1990",73.846
"Sep 21, 1990",64.968
"Sep 26, 1990",80.252
"Oct 1, 1990",61.342
"Oct 6, 1990",52.159
"Oct 11, 1990",73.271
"Oct 16, 1990",24.504
"Oct 21, 1990",38.318
"Oct 26, 1990",68.475
"Nov 1, 1990",41.202
"Nov 6, 1990",14.112
"Nov 11, 1990",35.894
"Nov 16, 1990",22.05
"Nov 21, 1990",21.16
"Nov 26, 1990",21.305
"Dec 1, 1990",11.395
"Dec 6, 1990",2.801
"Dec 11, 1990",11.075
"Dec 16, 1990",8.341
"Dec 21, 1990",5.703
"Dec 26, 1990",2.17
"Jan 1, 1991",1.084
"Jan 6, 1991",1.036
"Jan 11, 1991",0.679
"Jan 16, 1991",0.686
"Jan 21, 1991",1.382
"Jan 26, 1991",1.302
"Feb 1, 1991",2.189
"Feb 6, 1991",0.974
"Feb 11, 1991",3.011
"Feb 16, 1991",1.365
"Feb 21, 1991",1.299
"Feb 26, 1991",0.695
"Mar 1, 1991",4.394
"Mar 6, 1991",5.717
"Mar 11, 1991",5.434
"Mar 16, 1991",2.238
"Mar 21, 1991",5.097
"Mar 26, 1991",11.494
"Apr 1, 1991",11.424
"Apr 6, 1991",3.808
"Apr 11, 1991",6.43
"Apr 16, 1991",14.406
"Apr 21, 1991",16.106
"Apr 26, 1991",12.687
"May 1, 1991",17.778
"May 6, 1991",14.603
"May 11, 1991",19.713
"May 16, 1991",37.202
"May 21, 1991",34.676
"May 26, 1991",15.623
"Jun 1, 1991",57.254
"Jun 6, 1991",35.387
"Jun 11, 1991",42.656
"Jun 16, 1991",36.531
"Jun 21, 1991",37.571
"Jun 26, 1991",70.363
"Jul 1, 1991",100.405
"Jul 6, 1991",64.228
"Jul 11, 1991",83.853
"Jul 16, 1991",58.575
"Jul 21, 1991",29.773
"Jul 26, 1991",27.936
"Aug 1, 1991",147.262
"Aug 6, 1991",185.949
"Aug 11, 1991",123.853
"Aug 16, 1991",43.976
"Aug 21, 1991",99.29
"Aug 26, 1991",106.694
"Sep 1, 1991",42.707
"Sep 6, 1991",62.885
"Sep 11, 1991",79.276
"Sep 16, 1991",76.826
"Sep 21, 1991",86.189
"Sep 26, 1991",35.795
"Oct 1, 1991",35.115
"Oct 6, 1991",49.976
"Oct 11, 1991",40.875
"Oct 16, 1991",60.835
"Oct 21, 1991",29.543
"Oct 26, 1991",45.268
"Nov 1, 1991",18.307
"Nov 6, 1991",13.847
"Nov 11, 1991",22.459
"Nov 16, 1991",14.937
"Nov 21, 1991",8.926
"Nov 26, 1991",34.571
"Dec 1, 1991",2.939
"Dec 6, 1991",7.452
"Dec 11, 1991",2.303
"Dec 16, 1991",1.485
"Dec 21, 1991",1.517
"Dec 26, 1991",4.202
"Jan 1, 1992",1.518
"Jan 6, 1992",1.737
"Jan 11, 1992",0.942
"Jan 16, 1992",0.919
"Jan 21, 1992",0.96
"Jan 26, 1992",1.504
"Feb 1, 1992",2.601
"Feb 6, 1992",3.759
"Feb 11, 1992",6.171
"Feb 16, 1992",1.931
"Feb 21, 1992",2.007
"Feb 26, 1992",1.193
"Mar 1, 1992",1.862
"Mar 6, 1992",3.255
"Mar 11, 1992",1.616
"Mar 16, 1992",3.728
"Mar 21, 1992",3.049
"Mar 26, 1992",6.656
"Apr 1, 1992",12.342
"Apr 6, 1992",14.85
"Apr 11, 1992",7.052
"Apr 16, 1992",9.927
"Apr 21, 1992",24.395
"Apr 26, 1992",31.832
"May 1, 1992",28.862
"May 6, 1992",46.183
"May 11, 1992",13.266
"May 16, 1992",56.746
"May 21, 1992",42.395
"May 26, 1992",48.19
"Jun 1, 1992",67.973
"Jun 6, 1992",59.707
"Jun 11, 1992",77.892
"Jun 16, 1992",49.43
"Jun 21, 1992",45.458
"Jun 26, 1992",48.251
"Jul 1, 1992",77.051
"Jul 6, 1992",56.843
"Jul 11, 1992",73.726
"Jul 16, 1992",157.298
"Jul 21, 1992",93.955
"Jul 26, 1992",112.011
"Aug 1, 1992",167.85
"Aug 6, 1992",106.345
"Aug 11, 1992",104.694
"Aug 16, 1992",102.888
"Aug 21, 1992",117.486
"Aug 26, 1992",61.058
"Sep 1, 1992",68.979
"Sep 6, 1992",79.537
"Sep 11, 1992",59.916
"Sep 16, 1992",89.818
"Sep 21, 1992",53.696
"Sep 26, 1992",73.175
"Oct 1, 1992",60.55
"Oct 6, 1992",32.811
"Oct 11, 1992",67.225
"Oct 16, 1992",52.475
"Oct 21, 1992",40.589
"Oct 26, 1992",45.612
"Nov 1, 1992",38.161
"Nov 6, 1992",39.901
"Nov 11, 1992",41.303
"Nov 16, 1992",14.937
"Nov 21, 1992",6.144
"Nov 26, 1992",3.284
"Dec 1, 1992",1.31
"Dec 6, 1992",1.255
"Dec 11, 1992",1.599
"Dec 16, 1992",4.223
"Dec 21, 1992",2.088
"Dec 26, 1992",4.057
"Jan 1, 1993",1.952
"Jan 6, 1993",0.758
"Jan 11, 1993",0.631
"Jan 16, 1993",0.602
"Jan 21, 1993",0.63
"Jan 26, 1993",0.877
"Feb 1, 1993",2.452
"Feb 6, 1993",2.887
"Feb 11, 1993",2.589
"Feb 16, 1993",3.363
"Feb 21, 1993",1.849
"Feb 26, 1993",2.029
"Mar 1, 1993",10.52
"Mar 6, 1993",3.956
"Mar 11, 1993",10.13
"Mar 16, 1993",7.576
"Mar 21, 1993",3.939
"Mar 26, 1993",7.62
"Apr 1, 1993",23.078
"Apr 6, 1993",14.75
"Apr 11, 1993",24.718
"Apr 16, 1993",22.919
"Apr 21, 1993",13.446
"Apr 26, 1993",24.21
"May 1, 1993",26.307
"May 6, 1993",23.112
"May 11, 1993",28.625
"May 16, 1993",22.386
"May 21, 1993",54.103
"May 26, 1993",34.893
"Jun 1, 1993",62.529
"Jun 6, 1993",49.591
"Jun 11, 1993",68.376
"Jun 16, 1993",45.566
"Jun 21, 1993",74.051
"Jun 26, 1993",72.522
"Jul 1, 1993",147.619
"Jul 6, 1993",38.366
"Jul 11, 1993",96.896
"Jul 16, 1993",74.894
"Jul 21, 1993",52.35
"Jul 26, 1993",118.435
"Aug 1, 1993",108.523
"Aug 6, 1993",59.678
"Aug 11, 1993",59.222
"Aug 16, 1993",112.164
"Aug 21, 1993",109.161
"Aug 26, 1993",120.49
"Sep 1, 1993",72.73
"Sep 6, 1993",133.096
"Sep 11, 1993",96.892
"Sep 16, 1993",88.347
"Sep 21, 1993",58.743
"Sep 26, 1993",54.09
"Oct 1, 1993",65.73
"Oct 6, 1993",61.137
"Oct 11, 1993",71.139
"Oct 16, 1993",48.982
"Oct 21, 1993",56.176
"Oct 26, 1993",63.734
"Nov 1, 1993",33.381
"Nov 6, 1993",21.841
"Nov 11, 1993",20.932
"Nov 16, 1993",34.934
"Nov 21, 1993",30
"Nov 26, 1993",6.19
"Dec 1, 1993",2.154
"Dec 6, 1993",2.127
"Dec 11, 1993",1.218
"Dec 16, 1993",1.386
"Dec 21, 1993",2.496
"Dec 26, 1993",1.288
"Jan 1, 1994",1.739
"Jan 6, 1994",1.313
"Jan 11, 1994",1.106
"Jan 16, 1994",1.554
"Jan 21, 1994",1.109
"Jan 26, 1994",1.52
"Feb 1, 1994",1.749
"Feb 6, 1994",1.802
"Feb 11, 1994",4.59
"Feb 16, 1994",3.751
"Feb 21, 1994",2.775
"Feb 26, 1994",1.469
"Mar 1, 1994",7.919
"Mar 6, 1994",17.205
"Mar 11, 1994",7.055
"Mar 16, 1994",7.149
"Mar 21, 1994",3.766
"Mar 26, 1994",17.394
"Apr 1, 1994",9.14
"Apr 6, 1994",4.243
"Apr 11, 1994",9.398
"Apr 16, 1994",13.443
"Apr 21, 1994",17.179
"Apr 26, 1994",25.964
"May 1, 1994",4.813
"May 6, 1994",41.246
"May 11, 1994",61.463
"May 16, 1994",27.963
"May 21, 1994",16.008
"May 26, 1994",42.573
"Jun 1, 1994",32.409
"Jun 6, 1994",43.32
"Jun 11, 1994",47.922
"Jun 16, 1994",46.981
"Jun 21, 1994",65.07
"Jun 26, 1994",66.01
"Jul 1, 1994",68.035
"Jul 6, 1994",137.576
"Jul 11, 1994",47.21
"Jul 16, 1994",123.44
"Jul 21, 1994",102.709
"Jul 26, 1994",122.875
"Aug 1, 1994",63.517
"Aug 6, 1994",76.909
"Aug 11, 1994",32.095
"Aug 16, 1994",132.484
"Aug 21, 1994",104.803
"Aug 26, 1994",144.422
"Sep 1, 1994",63.265
"Sep 6, 1994",57.82
"Sep 11, 1994",81.062
"Sep 16, 1994",136.774
"Sep 21, 1994",96.65
"Sep 26, 1994",92.953
"Oct 1, 1994",81.916
"Oct 6, 1994",48.892
"Oct 11, 1994",54.967
"Oct 16, 1994",77.537
"Oct 21, 1994",63.001
"Oct 26, 1994",57.884
"Nov 1, 1994",87.112
"Nov 6, 1994",10.859
"Nov 11, 1994",12.364
"Nov 16, 1994",18.625
"Nov 21, 1994",3.049
"Nov 26, 1994",10.918
"Dec 1, 1994",2.955
"Dec 6, 1994",1.05
"Dec 11, 1994",1.423
"Dec 16, 1994",1.34
"Dec 21, 1994",1.142
"Dec 26, 1994",1.078
"Jan 1, 1995",0.937
"Jan 6, 1995",0.997
"Jan 11, 1995",0.634
"Jan 16, 1995",0.603
"Jan 21, 1995",0.601
"Jan 26, 1995",0.846
"Feb 1, 1995",4.243
"Feb 6, 1995",1.064
"Feb 11, 1995",1.355
"Feb 16, 1995",1.172
"Feb 21, 1995",1.249
"Feb 26, 1995",0.775
"Mar 1, 1995",6.115
"Mar 6, 1995",4.04
"Mar 11, 1995",3.574
"Mar 16, 1995",7.723
"Mar 21, 1995",4.976
"Mar 26, 1995",14.458
"Apr 1, 1995",16.195
"Apr 6, 1995",16.377
"Apr 11, 1995",16.555
"Apr 16, 1995",17.426
"Apr 21, 1995",32.963
"Apr 26, 1995",51.968
"May 1, 1995",20.029
"May 6, 1995",10.536
"May 11, 1995",38.689
"May 16, 1995",39.589
"May 21, 1995",41.171
"May 26, 1995",59.199
"Jun 1, 1995",45.437
"Jun 6, 1995",79.975
"Jun 11, 1995",48.516
"Jun 16, 1995",40.893
"Jun 21, 1995",41.305
"Jun 26, 1995",39.146
"Jul 1, 1995",86.524
"Jul 6, 1995",61.798
"Jul 11, 1995",54.577
"Jul 16, 1995",82.21
"Jul 21, 1995",87.67
"Jul 26, 1995",101.259
"Aug 1, 1995",130.929
"Aug 6, 1995",64.522
"Aug 11, 1995",110.165
"Aug 16, 1995",119.245
"Aug 21, 1995",116.363
"Aug 26, 1995",92.397
"Sep 1, 1995",45.63
"Sep 6, 1995",62.509
"Sep 11, 1995",47.276
"Sep 16, 1995",81.689
"Sep 21, 1995",87.834
"Sep 26, 1995",73.869
"Oct 1, 1995",54.231
"Oct 6, 1995",51.219
"Oct 11, 1995",68.229
"Oct 16, 1995",45.934
"Oct 21, 1995",38.022
"Oct 26, 1995",69.296
"Nov 1, 1995",19.267
"Nov 6, 1995",20.272
"Nov 11, 1995",20.761
"Nov 16, 1995",2.315
"Nov 21, 1995",3.61
"Nov 26, 1995",20.542
"Dec 1, 1995",13.16
"Dec 6, 1995",4.166
"Dec 11, 1995",7.991
"Dec 16, 1995",1.83
"Dec 21, 1995",4.341
"Dec 26, 1995",6.306
"Jan 1, 1996",2.212
"Jan 6, 1996",1.603
"Jan 11, 1996",1.729
"Jan 16, 1996",3.373
"Jan 21, 1996",1.925
"Jan 26, 1996",5.359
"Feb 1, 1996",3.018
"Feb 6, 1996",1.262
"Feb 11, 1996",2.395
"Feb 16, 1996",3.129
"Feb 21, 1996",1.241
"Feb 26, 1996",0.82
"Mar 1, 1996",10.038
"Mar 6, 1996",6.771
"Mar 11, 1996",2.95
"Mar 16, 1996",4.195
"Mar 21, 1996",3.648
"Mar 26, 1996",18.903
"Apr 1, 1996",8.299
"Apr 6, 1996",7.628
"Apr 11, 1996",6.029
"Apr 16, 1996",19.478
"Apr 21, 1996",26.78
"Apr 26, 1996",27.313
"May 1, 1996",11.684
"May 6, 1996",44.514
"May 11, 1996",37.684
"May 16, 1996",44.916
"May 21, 1996",30.526
"May 26, 1996",74.917
"Jun 1, 1996",73.556
"Jun 6, 1996",84.271
"Jun 11, 1996",55.655
"Jun 16, 1996",46.288
"Jun 21, 1996",78.721
"Jun 26, 1996",47.544
"Jul 1, 1996",156.853
"Jul 6, 1996",96.098
"Jul 11, 1996",93.228
"Jul 16, 1996",77.742
"Jul 21, 1996",69.672
"Jul 26, 1996",74.666
"Aug 1, 1996",50.236
"Aug 6, 1996",39.528
"Aug 11, 1996",128.636
"Aug 16, 1996",107.999
"Aug 21, 1996",85.465
"Aug 26, 1996",160.197
"Sep 1, 1996",93.854
"Sep 6, 1996",116.254
"Sep 11, 1996",98.392
"Sep 16, 1996",62.101
"Sep 21, 1996",61.45
"Sep 26, 1996",83.235
"Oct 1, 1996",35.179
"Oct 6, 1996",44.687
"Oct 11, 1996",38.634
"Oct 16, 1996",51.086
"Oct 21, 1996",39.219
"Oct 26, 1996",62.365
"Nov 1, 1996",8.457
"Nov 6, 1996",35.577
"Nov 11, 1996",22.577
"Nov 16, 1996",15.641
"Nov 21, 1996",9.109
"Nov 26, 1996",10.057
"Dec 1, 1996",10.695
"Dec 6, 1996",2.851
"Dec 11, 1996",0.923
"Dec 16, 1996",1.421
"Dec 21, 1996",4.862
"Dec 26, 1996",1.109
"Jan 1, 1997",1.243
"Jan 6, 1997",1.284
"Jan 11, 1997",2.021
"Jan 16, 1997",0.95
"Jan 21, 1997",0.884
"Jan 26, 1997",0.982
"Feb 1, 1997",2.62
"Feb 6, 1997",1.804
"Feb 11, 1997",2.184
"Feb 16, 1997",1.936
"Feb 21, 1997",2.502
"Feb 26, 1997",1.624
"Mar 1, 1997",3.214
"Mar 6, 1997",4.802
"Mar 11, 1997",3.527
"Mar 16, 1997",1.51
"Mar 21, 1997",7.742
"Mar 26, 1997",3.827
"Apr 1, 1997",10.198
"Apr 6, 1997",12.7
"Apr 11, 1997",20.931
"Apr 16, 1997",6.846
"Apr 21, 1997",20.627
"Apr 26, 1997",8.501
"May 1, 1997",6.694
"May 6, 1997",42.741
"May 11, 1997",27.209
"May 16, 1997",26.729
"May 21, 1997",26.055
"May 26, 1997",56.634
"Jun 1, 1997",77.657
"Jun 6, 1997",67.221
"Jun 11, 1997",71.852
"Jun 16, 1997",59.929
"Jun 21, 1997",52.969
"Jun 26, 1997",57.654
"Jul 1, 1997",98.102
"Jul 6, 1997",37.769
"Jul 11, 1997",149.153
"Jul 16, 1997",21.587
"Jul 21, 1997",105.762
"Jul 26, 1997",87.94
"Aug 1, 1997",59.988
"Aug 6, 1997",59.357
"Aug 11, 1997",73.916
"Aug 16, 1997",104.903
"Aug 21, 1997",82.374
"Aug 26, 1997",109.231
"Sep 1, 1997",68.138
"Sep 6, 1997",88.631
"Sep 11, 1997",73.888
"Sep 16, 1997",80.892
"Sep 21, 1997",99.655
"Sep 26, 1997",83.752
"Oct 1, 1997",58.351
"Oct 6, 1997",42.321
"Oct 11, 1997",57.299
"Oct 16, 1997",51.925
"Oct 21, 1997",42.771
"Oct 26, 1997",79.692
"Nov 1, 1997",42.462
"Nov 6, 1997",16.474
"Nov 11, 1997",24.453
"Nov 16, 1997",15.03
"Nov 21, 1997",25.063
"Nov 26, 1997",15.009
"Dec 1, 1997",4.417
"Dec 6, 1997",5.368
"Dec 11, 1997",3.298
"Dec 16, 1997",5.696
"Dec 21, 1997",1.136
"Dec 26, 1997",1.106
"Jan 1, 1998",2.314
"Jan 6, 1998",1.119
"Jan 11, 1998",0.952
"Jan 16, 1998",0.868
"Jan 21, 1998",0.911
"Jan 26, 1998",1.621
"Feb 1, 1998",1.443
"Feb 6, 1998",7.132
"Feb 11, 1998",3.803
"Feb 16, 1998",1.599
"Feb 21, 1998",1.743
"Feb 26, 1998",0.965
"Mar 1, 1998",4.63
"Mar 6, 1998",2.793
"Mar 11, 1998",3.331
"Mar 16, 1998",2.631
"Mar 21, 1998",8.136
"Mar 26, 1998",17.452
"Apr 1, 1998",24.716
"Apr 6, 1998",11.705
"Apr 11, 1998",11.477
"Apr 16, 1998",9.439
"Apr 21, 1998",11.114
"Apr 26, 1998",12.697
"May 1, 1998",31.519
"May 6, 1998",42.352
"May 11, 1998",18.048
"May 16, 1998",38.529
"May 21, 1998",21.198
"May 26, 1998",26.322
"Jun 1, 1998",46.047
"Jun 6, 1998",41.369
"Jun 11, 1998",52.337
"Jun 16, 1998",59.608
"Jun 21, 1998",37.983
"Jun 26, 1998",62.522
"Jul 1, 1998",66.797
"Jul 6, 1998",89.706
"Jul 11, 1998",80.641
"Jul 16, 1998",101.533
"Jul 21, 1998",86.911
"Jul 26, 1998",56.168
"Aug 1, 1998",123.827
"Aug 6, 1998",123.596
"Aug 11, 1998",122.091
"Aug 16, 1998",44.65
"Aug 21, 1998",69.977
"Aug 26, 1998",138.06
"Sep 1, 1998",39.985
"Sep 6, 1998",66.335
"Sep 11, 1998",61.157
"Sep 16, 1998",63.169
"Sep 21, 1998",50.287
"Sep 26, 1998",67.837
"Oct 1, 1998",45.346
"Oct 6, 1998",34.719
"Oct 11, 1998",35.28
"Oct 16, 1998",52.342
"Oct 21, 1998",55.603
"Oct 26, 1998",44.295
"Nov 1, 1998",8.256
"Nov 6, 1998",11.205
"Nov 11, 1998",10.953
"Nov 16, 1998",14.794
"Nov 21, 1998",13.44
"Nov 26, 1998",4.005
"Dec 1, 1998",5.044
"Dec 6, 1998",7.375
"Dec 11, 1998",1.699
"Dec 16, 1998",1.429
"Dec 21, 1998",3.043
"Dec 26, 1998",6.978
"Jan 1, 1999",1.583
"Jan 6, 1999",2.138
"Jan 11, 1999",1.27
"Jan 16, 1999",0.874
"Jan 21, 1999",0.912
"Jan 26, 1999",1.683
"Feb 1, 1999",4.323
"Feb 6, 1999",1.514
"Feb 11, 1999",1.543
"Feb 16, 1999",2.267
"Feb 21, 1999",1.722
"Feb 26, 1999",1.018
"Mar 1, 1999",4.886
"Mar 6, 1999",7.5
"Mar 11, 1999",6.783
"Mar 16, 1999",10.183
"Mar 21, 1999",5.171
"Mar 26, 1999",16.403
"Apr 1, 1999",4.205
"Apr 6, 1999",3.955
"Apr 11, 1999",6.224
"Apr 16, 1999",10.298
"Apr 21, 1999",16.198
"Apr 26, 1999",38.338
"May 1, 1999",42.562
"May 6, 1999",33.697
"May 11, 1999",26.031
"May 16, 1999",35.183
"May 21, 1999",36.944
"May 26, 1999",47.397
"Jun 1, 1999",64.441
"Jun 6, 1999",76.079
"Jun 11, 1999",73.162
"Jun 16, 1999",57.532
"Jun 21, 1999",71.379
"Jun 26, 1999",65.357
"Jul 1, 1999",78.479
"Jul 6, 1999",121.489
"Jul 11, 1999",80.081
"Jul 16, 1999",98.983
"Jul 21, 1999",70.231
"Jul 26, 1999",50.375
"Aug 1, 1999",49.088
"Aug 6, 1999",43.554
"Aug 11, 1999",53.971
"Aug 16, 1999",83.492
"Aug 21, 1999",76.483
"Aug 26, 1999",153.423
"Sep 1, 1999",77.744
"Sep 6, 1999",98.399
"Sep 11, 1999",65.825
"Sep 16, 1999",78.409
"Sep 21, 1999",67.309
"Sep 26, 1999",61.038
"Oct 1, 1999",41.567
"Oct 6, 1999",39.608
"Oct 11, 1999",43.61
"Oct 16, 1999",55.338
"Oct 21, 1999",23.774
"Oct 26, 1999",70.678
"Nov 1, 1999",20.475
"Nov 6, 1999",21.674
"Nov 11, 1999",34.407
"Nov 16, 1999",31.967
"Nov 21, 1999",33.75
"Nov 26, 1999",34.991
"Dec 1, 1999",3.802
"Dec 6, 1999",1.473
"Dec 11, 1999",1.822
"Dec 16, 1999",1.465
"Dec 21, 1999",1.516
"Dec 26, 1999",5.745
"Jan 1, 2000",3.846
"Jan 6, 2000",1.25
"Jan 11, 2000",2.414
"Jan 16, 2000",1.612
"Jan 21, 2000",1.921
"Jan 26, 2000",2.285
"Feb 1, 2000",1.431
"Feb 6, 2000",1.648
"Feb 11, 2000",1.287
"Feb 16, 2000",1.289
"Feb 21, 2000",9.282
"Feb 26, 2000",3.374
"Mar 1, 2000",3.769
"Mar 6, 2000",2.899
"Mar 11, 2000",2.589
"Mar 16, 2000",6.162
"Mar 21, 2000",6.489
"Mar 26, 2000",15.896
"Apr 1, 2000",24.494
"Apr 6, 2000",37.514
"Apr 11, 2000",21.325
"Apr 16, 2000",39.032
"Apr 21, 2000",28.703
"Apr 26, 2000",32.822
"May 1, 2000",33.462
"May 6, 2000",18.337
"May 11, 2000",31.032
"May 16, 2000",44.281
"May 21, 2000",33.109
"May 26, 2000",49.161
"Jun 1, 2000",42.887
"Jun 6, 2000",54.541
"Jun 11, 2000",64.156
"Jun 16, 2000",55.479
"Jun 21, 2000",67.198
"Jun 26, 2000",59.009
"Jul 1, 2000",78.002
"Jul 6, 2000",75.866
"Jul 11, 2000",99.665
"Jul 16, 2000",69.852
"Jul 21, 2000",48.948
"Jul 26, 2000",49.554
"Aug 1, 2000",75.085
"Aug 6, 2000",71.128
"Aug 11, 2000",76.022
"Aug 16, 2000",31.78
"Aug 21, 2000",63.808
"Aug 26, 2000",150.736
"Sep 1, 2000",68.513
"Sep 6, 2000",50.864
"Sep 11, 2000",70.743
"Sep 16, 2000",75.923
"Sep 21, 2000",50.672
"Sep 26, 2000",80.581
"Oct 1, 2000",36.077
"Oct 6, 2000",32.935
"Oct 11, 2000",55.267
"Oct 16, 2000",62.507
"Oct 21, 2000",60.813
"Oct 26, 2000",37.567
"Nov 1, 2000",16.12
"Nov 6, 2000",25.522
"Nov 11, 2000",22.477
"Nov 16, 2000",16.871
"Nov 21, 2000",20.956
"Nov 26, 2000",5.566
"Dec 1, 2000",5.481
"Dec 6, 2000",1.509
"Dec 11, 2000",1.331
"Dec 16, 2000",1.427
"Dec 21, 2000",1.448
"Dec 26, 2000",1.713
"Jan 1, 2001",1.275
"Jan 6, 2001",1.092
"Jan 11, 2001",0.889
"Jan 16, 2001",0.772
"Jan 21, 2001",0.795
"Jan 26, 2001",1.179
"Feb 1, 2001",2.814
"Feb 6, 2001",1.868
"Feb 11, 2001",2.176
"Feb 16, 2001",2.805
"Feb 21, 2001",1.819
"Feb 26, 2001",1.207
"Mar 1, 2001",5.447
"Mar 6, 2001",8.173
"Mar 11, 2001",8.878
"Mar 16, 2001",8.104
"Mar 21, 2001",11.651
"Mar 26, 2001",9.205
"Apr 1, 2001",10.174
"Apr 6, 2001",16.92
"Apr 11, 2001",29.53
"Apr 16, 2001",21.035
"Apr 21, 2001",12.149
"Apr 26, 2001",11.035
"May 1, 2001",16.829
"May 6, 2001",27.457
"May 11, 2001",24.757
"May 16, 2001",35.033
"May 21, 2001",19.242
"May 26, 2001",27.068
"Jun 1, 2001",53.179
"Jun 6, 2001",71.578
"Jun 11, 2001",60.064
"Jun 16, 2001",23.491
"Jun 21, 2001",73.065
"Jun 26, 2001",35.076
"Jul 1, 2001",83.899
"Jul 6, 2001",98.306
"Jul 11, 2001",87.636
"Jul 16, 2001",52.054
"Jul 21, 2001",93.895
"Jul 26, 2001",89.743
"Aug 1, 2001",65.134
"Aug 6, 2001",96.519
"Aug 11, 2001",28.154
"Aug 16, 2001",66.279
"Aug 21, 2001",139.544
"Aug 26, 2001",82.519
"Sep 1, 2001",68.489
"Sep 6, 2001",71.34
"Sep 11, 2001",64.772
"Sep 16, 2001",72.562
"Sep 21, 2001",46.17
"Sep 26, 2001",87.696
"Oct 1, 2001",59.493
"Oct 6, 2001",69.961
"Oct 11, 2001",63.392
"Oct 16, 2001",44.965
"Oct 21, 2001",34.915
"Oct 26, 2001",78.103
"Nov 1, 2001",13.173
"Nov 6, 2001",28.936
"Nov 11, 2001",35.536
"Nov 16, 2001",24.045
"Nov 21, 2001",23.205
"Nov 26, 2001",52.907
"Dec 1, 2001",9.64
"Dec 6, 2001",1.237
"Dec 11, 2001",3.217
"Dec 16, 2001",3.177
"Dec 21, 2001",2.418
"Dec 26, 2001",1.527
"Jan 1, 2002",3.508
"Jan 6, 2002",2.032
"Jan 11, 2002",1.169
"Jan 16, 2002",0.837
"Jan 21, 2002",0.788
"Jan 26, 2002",1.542
"Feb 1, 2002",1.148
"Feb 6, 2002",1.53
"Feb 11, 2002",1.261
"Feb 16, 2002",3.552
"Feb 21, 2002",5.063
"Feb 26, 2002",0.973
"Mar 1, 2002",10.984
"Mar 6, 2002",2.122
"Mar 11, 2002",2.806
"Mar 16, 2002",1.899
"Mar 21, 2002",8.847
"Mar 26, 2002",11.206
"Apr 1, 2002",3.384
"Apr 6, 2002",10.851
"Apr 11, 2002",14.026
"Apr 16, 2002",12.512
"Apr 21, 2002",11.748
"Apr 26, 2002",5.173
"May 1, 2002",11.378
"May 6, 2002",18.427
"May 11, 2002",21.069
"May 16, 2002",25.068
"May 21, 2002",11.419
"May 26, 2002",56.522
"Jun 1, 2002",35.953
"Jun 6, 2002",38.765
"Jun 11, 2002",50.652
"Jun 16, 2002",30.455
"Jun 21, 2002",52.895
"Jun 26, 2002",58.505
"Jul 1, 2002",101.599
"Jul 6, 2002",147.49
"Jul 11, 2002",87.752
"Jul 16, 2002",60.642
"Jul 21, 2002",87.025
"Jul 26, 2002",81.312
"Aug 1, 2002",116.072
"Aug 6, 2002",123.25
"Aug 11, 2002",118.397
"Aug 16, 2002",95.039
"Aug 21, 2002",111.878
"Aug 26, 2002",86.277
"Sep 1, 2002",63.899
"Sep 6, 2002",60.119
"Sep 11, 2002",45.511
"Sep 16, 2002",53.445
"Sep 21, 2002",53.88
"Sep 26, 2002",69.317
"Oct 1, 2002",10.101
"Oct 6, 2002",23.073
"Oct 11, 2002",37.316
"Oct 16, 2002",62.148
"Oct 21, 2002",58.764
"Oct 26, 2002",50.769
"Nov 1, 2002",14.328
"Nov 6, 2002",23.35
"Nov 11, 2002",19.389
"Nov 16, 2002",48.774
"Nov 21, 2002",25.209
"Nov 26, 2002",5.583
"Dec 1, 2002",4.727
"Dec 6, 2002",5.795
"Dec 11, 2002",1.355
"Dec 16, 2002",3.214
"Dec 21, 2002",1.324
"Dec 26, 2002",1.306
"Jan 1, 2003",1.159
"Jan 6, 2003",0.875
"Jan 11, 2003",0.706
"Jan 16, 2003",1.423
"Jan 21, 2003",0.862
"Jan 26, 2003",0.978
"Feb 1, 2003",1.043
"Feb 6, 2003",1.527
"Feb 11, 2003",3.046
"Feb 16, 2003",1.369
"Feb 21, 2003",2.77
"Feb 26, 2003",0.825
"Mar 1, 2003",3.415
"Mar 6, 2003",3.199
"Mar 11, 2003",3.056
"Mar 16, 2003",1.891
"Mar 21, 2003",2.561
"Mar 26, 2003",7.245
"Apr 1, 2003",10.441
"Apr 6, 2003",2.904
"Apr 11, 2003",10.4
"Apr 16, 2003",9.903
"Apr 21, 2003",20.185
"Apr 26, 2003",30.719
"May 1, 2003",19.849
"May 6, 2003",32.641
"May 11, 2003",21.529
"May 16, 2003",21.954
"May 21, 2003",35.399
"May 26, 2003",63.136
"Jun 1, 2003",53.678
"Jun 6, 2003",31.805
"Jun 11, 2003",63.964
"Jun 16, 2003",29.439
"Jun 21, 2003",69.445
"Jun 26, 2003",45.695
"Jul 1, 2003",88.974
"Jul 6, 2003",31.217
"Jul 11, 2003",91.027
"Jul 16, 2003",91.748
"Jul 21, 2003",86.188
"Jul 26, 2003",108.612
"Aug 1, 2003",93.875
"Aug 6, 2003",48.871
"Aug 11, 2003",59.92
"Aug 16, 2003",94.759
"Aug 21, 2003",73.914
"Aug 26, 2003",72.512
"Sep 1, 2003",69.562
"Sep 6, 2003",41.793
"Sep 11, 2003",100.084
"Sep 16, 2003",48.587
"Sep 21, 2003",68.323
"Sep 26, 2003",93.433
"Oct 1, 2003",39.466
"Oct 6, 2003",49.995
"Oct 11, 2003",37.488
"Oct 16, 2003",33.843
"Oct 21, 2003",26.343
"Oct 26, 2003",34.242
"Nov 1, 2003",46.158
"Nov 6, 2003",17.517
"Nov 11, 2003",12.386
"Nov 16, 2003",25.338
"Nov 21, 2003",29.69
"Nov 26, 2003",17.528
"Dec 1, 2003",3.783
"Dec 6, 2003",3.146
"Dec 11, 2003",4.077
"Dec 16, 2003",1.408
"Dec 21, 2003",2.015
"Dec 26, 2003",2.007
"Jan 1, 2004",1.1
"Jan 6, 2004",0.888
"Jan 11, 2004",0.683
"Jan 16, 2004",0.644
"Jan 21, 2004",0.668
"Jan 26, 2004",0.891
"Feb 1, 2004",1.447
"Feb 6, 2004",1.206
"Feb 11, 2004",1.499
"Feb 16, 2004",3.497
"Feb 21, 2004",4.978
"Feb 26, 2004",3.42
"Mar 1, 2004",3.296
"Mar 6, 2004",2.727
"Mar 11, 2004",3.858
"Mar 16, 2004",5.348
"Mar 21, 2004",13.664
"Mar 26, 2004",9.815
"Apr 1, 2004",14.046
"Apr 6, 2004",6.893
"Apr 11, 2004",6.698
"Apr 16, 2004",9.826
"Apr 21, 2004",21.16
"Apr 26, 2004",35.256
"May 1, 2004",9.132
"May 6, 2004",13.783
"May 11, 2004",22.895
"May 16, 2004",19.898
"May 21, 2004",14.498
"May 26, 2004",23.865
"Jun 1, 2004",42.904
"Jun 6, 2004",68.915
"Jun 11, 2004",47.135
"Jun 16, 2004",25.649
"Jun 21, 2004",34.417
"Jun 26, 2004",52.381
"Jul 1, 2004",94.976
"Jul 6, 2004",108.801
"Jul 11, 2004",51.628
"Jul 16, 2004",81.84
"Jul 21, 2004",35.626
"Jul 26, 2004",93.265
"Aug 1, 2004",45.976
"Aug 6, 2004",73.813
"Aug 11, 2004",113.386
"Aug 16, 2004",84.921
"Aug 21, 2004",94.674
"Aug 26, 2004",123.363
"Sep 1, 2004",62.294
"Sep 6, 2004",63.801
"Sep 11, 2004",122.944
"Sep 16, 2004",61.143
"Sep 21, 2004",47.402
"Sep 26, 2004",62.816
"Oct 1, 2004",48.197
"Oct 6, 2004",32.146
"Oct 11, 2004",39.308
"Oct 16, 2004",36.033
"Oct 21, 2004",28.969
"Oct 26, 2004",50.953
"Nov 1, 2004",60.985
"Nov 6, 2004",26.159
"Nov 11, 2004",17.796
"Nov 16, 2004",10.296
"Nov 21, 2004",13.29
"Nov 26, 2004",10.045
"Dec 1, 2004",4.519
"Dec 6, 2004",5.776
"Dec 11, 2004",4.814
"Dec 16, 2004",3.76
"Dec 21, 2004",2.845
"Dec 26, 2004",3.017
"Jan 1, 2005",1.206
"Jan 6, 2005",0.871
"Jan 11, 2005",1.29
"Jan 16, 2005",0.699
"Jan 21, 2005",0.704
"Jan 26, 2005",1.042
"Feb 1, 2005",2.074
"Feb 6, 2005",3.75
"Feb 11, 2005",4.412
"Feb 16, 2005",2.501
"Feb 21, 2005",3.955
"Feb 26, 2005",5.166
"Mar 1, 2005",9.495
"Mar 6, 2005",11.835
"Mar 11, 2005",12.664
"Mar 16, 2005",13.682
"Mar 21, 2005",5.608
"Mar 26, 2005",19.377
"Apr 1, 2005",28.128
"Apr 6, 2005",18.32
"Apr 11, 2005",29.204
"Apr 16, 2005",21.204
"Apr 21, 2005",22.374
"Apr 26, 2005",9.792
"May 1, 2005",20.583
"May 6, 2005",36.312
"May 11, 2005",19.594
"May 16, 2005",29.118
"May 21, 2005",26.87
"May 26, 2005",38.778
"Jun 1, 2005",42.838
"Jun 6, 2005",32.477
"Jun 11, 2005",39.208
"Jun 16, 2005",29.407
"Jun 21, 2005",46.884
"Jun 26, 2005",19.468
"Jul 1, 2005",42.176
"Jul 6, 2005",106.86
"Jul 11, 2005",37.529
"Jul 16, 2005",45.284
"Jul 21, 2005",80.566
"Jul 26, 2005",86.08
"Aug 1, 2005",78.276
"Aug 6, 2005",27.673
"Aug 11, 2005",83.761
"Aug 16, 2005",38.387
"Aug 21, 2005",128.381
"Aug 26, 2005",93.955
"Sep 1, 2005",61.36
"Sep 6, 2005",71.687
"Sep 11, 2005",70.633
"Sep 16, 2005",51.213
"Sep 21, 2005",44.607
"Sep 26, 2005",75.344
"Oct 1, 2005",55.569
"Oct 6, 2005",58.419
"Oct 11, 2005",89.069
"Oct 16, 2005",37.438
"Oct 21, 2005",85.372
"Oct 26, 2005",101.004
"Nov 1, 2005",23.727
"Nov 6, 2005",2.382
"Nov 11, 2005",17.845
"Nov 16, 2005",12.601
"Nov 21, 2005",23.251
"Nov 26, 2005",11.479
"Dec 1, 2005",8.974
"Dec 6, 2005",6.298
"Dec 11, 2005",3.085
"Dec 16, 2005",2.3
"Dec 21, 2005",6.557
"Dec 26, 2005",2.958
"Jan 1, 2006",1.133
"Jan 6, 2006",1.192
"Jan 11, 2006",1.218
"Jan 16, 2006",0.771
"Jan 21, 2006",0.693
"Jan 26, 2006",0.962
"Feb 1, 2006",4.637
"Feb 6, 2006",5.221
"Feb 11, 2006",1.742
"Feb 16, 2006",1.931
"Feb 21, 2006",1.287
"Feb 26, 2006",0.773
"Mar 1, 2006",3.48
"Mar 6, 2006",5.523
"Mar 11, 2006",2.165
"Mar 16, 2006",3.858
"Mar 21, 2006",4.781
"Mar 26, 2006",8.072
"Apr 1, 2006",1.631
"Apr 6, 2006",24.182
"Apr 11, 2006",5.607
"Apr 16, 2006",19.92
"Apr 21, 2006",12.104
"Apr 26, 2006",17.213
"May 1, 2006",16.471
"May 6, 2006",37.383
"May 11, 2006",30.116
"May 16, 2006",8.042
"May 21, 2006",40.765
"May 26, 2006",37.384
"Jun 1, 2006",53.711
"Jun 6, 2006",66.089
"Jun 11, 2006",56.446
"Jun 16, 2006",55.106
"Jun 21, 2006",68.04
"Jun 26, 2006",32.789
"Jul 1, 2006",57.772
"Jul 6, 2006",56.157
"Jul 11, 2006",102.342
"Jul 16, 2006",80.288
"Jul 21, 2006",83.874
"Jul 26, 2006",110.393
"Aug 1, 2006",130.426
"Aug 6, 2006",206.8
"Aug 11, 2006",70.931
"Aug 16, 2006",73.829
"Aug 21, 2006",53.763
"Aug 26, 2006",206.217
"Sep 1, 2006",52.875
"Sep 6, 2006",58.39
"Sep 11, 2006",44.657
"Sep 16, 2006",60.055
"Sep 21, 2006",45.47
"Sep 26, 2006",89.87
"Oct 1, 2006",67.103
"Oct 6, 2006",49.36
"Oct 11, 2006",76.186
"Oct 16, 2006",45.572
"Oct 21, 2006",64.95
"Oct 26, 2006",60.251
"Nov 1, 2006",30.292
"Nov 6, 2006",16.176
"Nov 11, 2006",5.726
"Nov 16, 2006",12.857
"Nov 21, 2006",6.362
"Nov 26, 2006",9.95
"Dec 1, 2006",2.443
"Dec 6, 2006",1.284
"Dec 11, 2006",1.154
"Dec 16, 2006",1.266
"Dec 21, 2006",1.297
"Dec 26, 2006",1.23
"Jan 1, 2007",1.139
"Jan 6, 2007",0.836
"Jan 11, 2007",0.706
"Jan 16, 2007",0.666
"Jan 21, 2007",0.751
"Jan 26, 2007",0.954
"Feb 1, 2007",6.361
"Feb 6, 2007",1.627
"Feb 11, 2007",2.021
"Feb 16, 2007",5.516
"Feb 21, 2007",1.454
"Feb 26, 2007",0.869
"Mar 1, 2007",2.911
"Mar 6, 2007",4.837
"Mar 11, 2007",4.999
"Mar 16, 2007",7.584
"Mar 21, 2007",9.133
"Mar 26, 2007",22.074
"Apr 1, 2007",11.956
"Apr 6, 2007",24.548
"Apr 11, 2007",19.316
"Apr 16, 2007",16.529
"Apr 21, 2007",12.661
"Apr 26, 2007",13.202
"May 1, 2007",26.254
"May 6, 2007",30.98
"May 11, 2007",11.094
"May 16, 2007",21.344
"May 21, 2007",22.787
"May 26, 2007",17.972
"Jun 1, 2007",56.991
"Jun 6, 2007",61.956
"Jun 11, 2007",40.515
"Jun 16, 2007",51.575
"Jun 21, 2007",37.398
"Jun 26, 2007",51.472
"Jul 1, 2007",54.688
"Jul 6, 2007",40.058
"Jul 11, 2007",79.469
"Jul 16, 2007",83.993
"Jul 21, 2007",36.408
"Jul 26, 2007",140.483
"Aug 1, 2007",57.875
"Aug 6, 2007",93.982
"Aug 11, 2007",105.409
"Aug 16, 2007",73.001
"Aug 21, 2007",159.939
"Aug 26, 2007",164.272
"Sep 1, 2007",107
"Sep 6, 2007",89.107
"Sep 11, 2007",64.985
"Sep 16, 2007",52.536
"Sep 21, 2007",60.614
"Sep 26, 2007",65.512
"Oct 1, 2007",54.155
"Oct 6, 2007",40.529
"Oct 11, 2007",36.608
"Oct 16, 2007",41.738
"Oct 21, 2007",38.45
"Oct 26, 2007",95.542
"Nov 1, 2007",37.105
"Nov 6, 2007",6.789
"Nov 11, 2007",21.218
"Nov 16, 2007",24.58
"Nov 21, 2007",32.14
"Nov 26, 2007",29.537
"Dec 1, 2007",16.596
"Dec 6, 2007",2.778
"Dec 11, 2007",2.635
"Dec 16, 2007",2.731
"Dec 21, 2007",3.111
"Dec 26, 2007",2.511
"Jan 1, 2008",1.32
"Jan 6, 2008",1.123
"Jan 11, 2008",0.858
"Jan 16, 2008",0.813
"Jan 21, 2008",0.77
"Jan 26, 2008",1.054
"Feb 1, 2008",1.023
"Feb 6, 2008",6.314
"Feb 11, 2008",4.245
"Feb 16, 2008",3.391
"Feb 21, 2008",1.521
"Feb 26, 2008",7.037
"Mar 1, 2008",7.987
"Mar 6, 2008",2.166
"Mar 11, 2008",10.065
"Mar 16, 2008",10.849
"Mar 21, 2008",11.012
"Mar 26, 2008",10.121
"Apr 1, 2008",9.868
"Apr 6, 2008",12.202
"Apr 11, 2008",23.003
"Apr 16, 2008",9.669
"Apr 21, 2008",17.966
"Apr 26, 2008",8.696
"May 1, 2008",15.443
"May 6, 2008",43.015
"May 11, 2008",45.67
"May 16, 2008",41.576
"May 21, 2008",33.912
"May 26, 2008",50.858
"Jun 1, 2008",75.038
"Jun 6, 2008",67.89
"Jun 11, 2008",54.171
"Jun 16, 2008",46.997
"Jun 21, 2008",41.09
"Jun 26, 2008",39.936
"Jul 1, 2008",94.815
"Jul 6, 2008",69.257
"Jul 11, 2008",52.73
"Jul 16, 2008",111.093
"Jul 21, 2008",125.421
"Jul 26, 2008",180.919
"Aug 1, 2008",87.266
"Aug 6, 2008",100.58
"Aug 11, 2008",55.869
"Aug 16, 2008",51.564
"Aug 21, 2008",121.839
"Aug 26, 2008",159.808
"Sep 1, 2008",43.692
"Sep 6, 2008",72.861
"Sep 11, 2008",96.904
"Sep 16, 2008",63.803
"Sep 21, 2008",85.671
"Sep 26, 2008",74.714
"Oct 1, 2008",29.612
"Oct 6, 2008",46.496
"Oct 11, 2008",56.506
"Oct 16, 2008",52.156
"Oct 21, 2008",32.726
"Oct 26, 2008",57.125
"Nov 1, 2008",24.165
"Nov 6, 2008",7.227
"Nov 11, 2008",7.567
"Nov 16, 2008",11.859
"Nov 21, 2008",15.806
"Nov 26, 2008",9.779
"Dec 1, 2008",4.488
"Dec 6, 2008",1.614
"Dec 11, 2008",1.609
"Dec 16, 2008",6.579
"Dec 21, 2008",2.239
"Dec 26, 2008",1.912
"Jan 1, 2009",2.046
"Jan 6, 2009",1.108
"Jan 11, 2009",1.643
"Jan 16, 2009",2.315
"Jan 21, 2009",1.074
"Jan 26, 2009",0.963
"Feb 1, 2009",1.464
"Feb 6, 2009",1.278
"Feb 11, 2009",1.27
"Feb 16, 2009",2.43
"Feb 21, 2009",1.751
"Feb 26, 2009",3.681
"Mar 1, 2009",5.347
"Mar 6, 2009",3.156
"Mar 11, 2009",2.758
"Mar 16, 2009",2.054
"Mar 21, 2009",3.608
"Mar 26, 2009",11.027
"Apr 1, 2009",5.791
"Apr 6, 2009",10.208
"Apr 11, 2009",2.367
"Apr 16, 2009",7.872
"Apr 21, 2009",8.618
"Apr 26, 2009",7.682
"May 1, 2009",6.34
"May 6, 2009",23.24
"May 11, 2009",16.231
"May 16, 2009",26.638
"May 21, 2009",7.373
"May 26, 2009",23.501
"Jun 1, 2009",95.634
"Jun 6, 2009",63.912
"Jun 11, 2009",69.386
"Jun 16, 2009",74.888
"Jun 21, 2009",63.724
"Jun 26, 2009",49.69
"Jul 1, 2009",58.494
"Jul 6, 2009",84.173
"Jul 11, 2009",57.26
"Jul 16, 2009",51.448
"Jul 21, 2009",59.398
"Jul 26, 2009",42.716
"Aug 1, 2009",87.405
"Aug 6, 2009",81.007
"Aug 11, 2009",88.549
"Aug 16, 2009",77.654
"Aug 21, 2009",52.513
"Aug 26, 2009",115.011
"Sep 1, 2009",52.838
"Sep 6, 2009",51.553
"Sep 11, 2009",101.662
"Sep 16, 2009",64.51
"Sep 21, 2009",77.528
"Sep 26, 2009",60.673
"Oct 1, 2009",29.206
"Oct 6, 2009",52.995
"Oct 11, 2009",60.279
"Oct 16, 2009",44.17
"Oct 21, 2009",70.332
"Oct 26, 2009",64.109
"Nov 1, 2009",33.137
"Nov 6, 2009",27.853
"Nov 11, 2009",21.514
"Nov 16, 2009",22.742
"Nov 21, 2009",4.974
"Nov 26, 2009",25.639
"Dec 1, 2009",2.896
"Dec 6, 2009",1.516
"Dec 11, 2009",2.481
"Dec 16, 2009",3.005
"Dec 21, 2009",1.48
"Dec 26, 2009",1.199
"Jan 1, 2010",1.565
"Jan 6, 2010",0.928
"Jan 11, 2010",0.886
"Jan 16, 2010",0.744
"Jan 21, 2010",0.858
"Jan 26, 2010",1.163
"Feb 1, 2010",2.831
"Feb 6, 2010",1.658
"Feb 11, 2010",2.687
"Feb 16, 2010",2.009
"Feb 21, 2010",8.58
"Feb 26, 2010",1.61
"Mar 1, 2010",10.112
"Mar 6, 2010",14.414
"Mar 11, 2010",8.216
"Mar 16, 2010",5.507
"Mar 21, 2010",7.967
"Mar 26, 2010",10.342
"Apr 1, 2010",13.611
"Apr 6, 2010",9.603
"Apr 11, 2010",16.316
"Apr 16, 2010",23.589
"Apr 21, 2010",14.108
"Apr 26, 2010",45.812
"May 1, 2010",27.726
"May 6, 2010",45.125
"May 11, 2010",32.336
"May 16, 2010",30.379
"May 21, 2010",47.619
"May 26, 2010",44.116
"Jun 1, 2010",72.05
"Jun 6, 2010",97.124
"Jun 11, 2010",61.64
"Jun 16, 2010",36.248
"Jun 21, 2010",59.487
"Jun 26, 2010",37.079
"Jul 1, 2010",72.114
"Jul 6, 2010",131.219
"Jul 11, 2010",74.04
"Jul 16, 2010",108.529
"Jul 21, 2010",43.48
"Jul 26, 2010",119.026
"Aug 1, 2010",73.361
"Aug 6, 2010",73.395
"Aug 11, 2010",116.17
"Aug 16, 2010",76.788
"Aug 21, 2010",106.832
"Aug 26, 2010",130.119
"Sep 1, 2010",40.187
"Sep 6, 2010",44.809
"Sep 11, 2010",53.637
"Sep 16, 2010",68.475
"Sep 21, 2010",88.192
"Sep 26, 2010",85.67
"Oct 1, 2010",57.216
"Oct 6, 2010",25.478
"Oct 11, 2010",59.635
"Oct 16, 2010",40.586
"Oct 21, 2010",47.048
"Oct 26, 2010",53.757
"Nov 1, 2010",44.858
"Nov 6, 2010",19.876
"Nov 11, 2010",10.964
"Nov 16, 2010",23.143
"Nov 21, 2010",18.464
"Nov 26, 2010",5.214
"Dec 1, 2010",1.688
"Dec 6, 2010",2.809
"Dec 11, 2010",1.321
"Dec 16, 2010",3.996
"Dec 21, 2010",2.527
"Dec 26, 2010",4.349
"Jan 1, 2011",1.286
"Jan 6, 2011",1.003
"Jan 11, 2011",0.821
"Jan 16, 2011",0.778
"Jan 21, 2011",1.242
"Jan 26, 2011",1.212
"Feb 1, 2011",3.732
"Feb 6, 2011",1.563
"Feb 11, 2011",1.836
"Feb 16, 2011",1.997
"Feb 21, 2011",1.404
"Feb 26, 2011",0.889
"Mar 1, 2011",7.631
"Mar 6, 2011",12.546
"Mar 11, 2011",20.73
"Mar 16, 2011",6.772
"Mar 21, 2011",13.679
"Mar 26, 2011",15.346
"Apr 1, 2011",8.426
"Apr 6, 2011",7.803
"Apr 11, 2011",8.057
"Apr 16, 2011",10.395
"Apr 21, 2011",23.129
"Apr 26, 2011",31.612
"May 1, 2011",23.701
"May 6, 2011",22.678
"May 11, 2011",29.63
"May 16, 2011",34.414
"May 21, 2011",45.489
"May 26, 2011",29.022
"Jun 1, 2011",85.367
"Jun 6, 2011",72.369
"Jun 11, 2011",54.292
"Jun 16, 2011",40.821
"Jun 21, 2011",75.981
"Jun 26, 2011",72.436
"Jul 1, 2011",109.487
"Jul 6, 2011",73.835
"Jul 11, 2011",57.8
"Jul 16, 2011",64.939
"Jul 21, 2011",64.499
"Jul 26, 2011",96.249
"Aug 1, 2011",136.733
"Aug 6, 2011",101.923
"Aug 11, 2011",98.183
"Aug 16, 2011",44.367
"Aug 21, 2011",72.433
"Aug 26, 2011",107.008
"Sep 1, 2011",66.688
"Sep 6, 2011",85.873
"Sep 11, 2011",81.432
"Sep 16, 2011",80.104
"Sep 21, 2011",87.022
"Sep 26, 2011",54.18
"Oct 1, 2011",75.97
"Oct 6, 2011",45.442
"Oct 11, 2011",59.387
"Oct 16, 2011",66.169
"Oct 21, 2011",48.221
"Oct 26, 2011",40.682
"Nov 1, 2011",15.147
"Nov 6, 2011",15.002
"Nov 11, 2011",20.078
"Nov 16, 2011",25.417
"Nov 21, 2011",53.57
"Nov 26, 2011",17.2
"Dec 1, 2011",3.966
"Dec 6, 2011",1.473
"Dec 11, 2011",1.22
"Dec 16, 2011",1.278
"Dec 21, 2011",1.383
"Dec 26, 2011",4.92
"Jan 1, 2012",1.263
"Jan 6, 2012",0.968
"Jan 11, 2012",0.813
"Jan 16, 2012",0.77
"Jan 21, 2012",0.913
"Jan 26, 2012",1.201
"Feb 1, 2012",5.348
"Feb 6, 2012",5.842
"Feb 11, 2012",1.495
"Feb 16, 2012",1.27
"Feb 21, 2012",1.461
"Feb 26, 2012",1.589
"Mar 1, 2012",3.408
"Mar 6, 2012",2.943
"Mar 11, 2012",2.718
"Mar 16, 2012",2.935
"Mar 21, 2012",4.225
"Mar 26, 2012",3.31
"Apr 1, 2012",3.89
"Apr 6, 2012",8.008
"Apr 11, 2012",42.294
"Apr 16, 2012",7.939
"Apr 21, 2012",7.704
"Apr 26, 2012",25.883
"May 1, 2012",34.269
"May 6, 2012",16.34
"May 11, 2012",29.75
"May 16, 2012",21.378
"May 21, 2012",28.676
"May 26, 2012",36.06
"Jun 1, 2012",43.697
"Jun 6, 2012",30.436
"Jun 11, 2012",51.65
"Jun 16, 2012",96.123
"Jun 21, 2012",50.576
"Jun 26, 2012",48.633
"Jul 1, 2012",111.653
"Jul 6, 2012",77.965
"Jul 11, 2012",49.343
"Jul 16, 2012",57.748
"Jul 21, 2012",60.583
"Jul 26, 2012",97.801
"Aug 1, 2012",73.324
"Aug 6, 2012",49.724
"Aug 11, 2012",46.991
"Aug 16, 2012",32.323
"Aug 21, 2012",67.754
"Aug 26, 2012",136.148
"Sep 1, 2012",19.531
"Sep 6, 2012",70.736
"Sep 11, 2012",56.182
"Sep 16, 2012",79.917
"Sep 21, 2012",62.571
"Sep 26, 2012",93.701
"Oct 1, 2012",62.819
"Oct 6, 2012",48.19
"Oct 11, 2012",49.073
"Oct 16, 2012",83.705
"Oct 21, 2012",70.402
"Oct 26, 2012",84.926
"Nov 1, 2012",22.371
"Nov 6, 2012",33.461
"Nov 11, 2012",42.616
"Nov 16, 2012",29.032
"Nov 21, 2012",29.334
"Nov 26, 2012",32.469
"Dec 1, 2012",11.89
"Dec 6, 2012",1.707
"Dec 11, 2012",2.537
"Dec 16, 2012",4.67
"Dec 21, 2012",1.434
"Dec 26, 2012",1.963
"Jan 1, 2013",1.372
"Jan 6, 2013",1.135
"Jan 11, 2013",0.838
"Jan 16, 2013",0.714
"Jan 21, 2013",0.795
"Jan 26, 2013",1.134
"Feb 1, 2013",1.208
"Feb 6, 2013",1.354
"Feb 11, 2013",1.265
"Feb 16, 2013",1.657
"Feb 21, 2013",1.332
"Feb 26, 2013",2.087
"Mar 1, 2013",2.678
"Mar 6, 2013",3.255
"Mar 11, 2013",12.644
"Mar 16, 2013",4.559
"Mar 21, 2013",3.63
"Mar 26, 2013",7.084
"Apr 1, 2013",7.54
"Apr 6, 2013",10.814
"Apr 11, 2013",9.365
"Apr 16, 2013",6.428
"Apr 21, 2013",1.984
"Apr 26, 2013",4.91
"May 1, 2013",17.021
"May 6, 2013",17.858
"May 11, 2013",37.486
"May 16, 2013",43.281
"May 21, 2013",24.557
"May 26, 2013",82.86
"Jun 1, 2013",78.546
"Jun 6, 2013",68.838
"Jun 11, 2013",30.841
"Jun 16, 2013",68.87
"Jun 21, 2013",38.132
"Jun 26, 2013",89.342
"Jul 1, 2013",64.845
"Jul 6, 2013",71.626
"Jul 11, 2013",66.422
"Jul 16, 2013",60.325
"Jul 21, 2013",73.928
"Jul 26, 2013",96.26
"Aug 1, 2013",105.876
"Aug 6, 2013",105.422
"Aug 11, 2013",47.452
"Aug 16, 2013",102.456
"Aug 21, 2013",70.743
"Aug 26, 2013",194.601
"Sep 1, 2013",82.359
"Sep 6, 2013",55.248
"Sep 11, 2013",55.021
"Sep 16, 2013",86.673
"Sep 21, 2013",67.947
"Sep 26, 2013",89.209
"Oct 1, 2013",36.86
"Oct 6, 2013",40.56
"Oct 11, 2013",38.3
"Oct 16, 2013",65.128
"Oct 21, 2013",65.067
"Oct 26, 2013",60.667
"Nov 1, 2013",31.827
"Nov 6, 2013",6.897
"Nov 11, 2013",18.734
"Nov 16, 2013",19.486
"Nov 21, 2013",6.011
"Nov 26, 2013",4.493
"Dec 1, 2013",3.753
"Dec 6, 2013",1.099
"Dec 11, 2013",8.223
"Dec 16, 2013",6.696
"Dec 21, 2013",1.124
"Dec 26, 2013",1.029
"Jan 1, 2014",1.182
"Jan 6, 2014",0.855
"Jan 11, 2014",1.144
"Jan 16, 2014",0.877
"Jan 21, 2014",1.047
"Jan 26, 2014",1.029
"Feb 1, 2014",1.125
"Feb 6, 2014",1.226
"Feb 11, 2014",1.41
"Feb 16, 2014",3.492
"Feb 21, 2014",1.176
"Feb 26, 2014",0.703
"Mar 1, 2014",2.024
"Mar 6, 2014",2.525
"Mar 11, 2014",2.008
"Mar 16, 2014",4.378
"Mar 21, 2014",2.805
"Mar 26, 2014",2.932
"Apr 1, 2014",11.879
"Apr 6, 2014",2.853
"Apr 11, 2014",4.33
"Apr 16, 2014",10.805
"Apr 21, 2014",11.451
"Apr 26, 2014",12.457
"May 1, 2014",33.465
"May 6, 2014",19.621
"May 11, 2014",50.303
"May 16, 2014",42.799
"May 21, 2014",35.515
"May 26, 2014",60.468
"Jun 1, 2014",41.94
"Jun 6, 2014",47.228
"Jun 11, 2014",37.76
"Jun 16, 2014",66.883
"Jun 21, 2014",48.439
"Jun 26, 2014",60.785
"Jul 1, 2014",130.15
"Jul 6, 2014",46.552
"Jul 11, 2014",111.75
"Jul 16, 2014",90.127
"Jul 21, 2014",67.812
"Jul 26, 2014",168.678
"Aug 1, 2014",44.711
"Aug 6, 2014",156.837
"Aug 11, 2014",73.199
"Aug 16, 2014",103.74
"Aug 21, 2014",42.536
"Aug 26, 2014",159.28
"Sep 1, 2014",38.667
"Sep 6, 2014",65.302
"Sep 11, 2014",67.998
"Sep 16, 2014",71.104
"Sep 21, 2014",84.928
"Sep 26, 2014",54.609
"Oct 1, 2014",46.465
"Oct 6, 2014",60.987
"Oct 11, 2014",51.569
"Oct 16, 2014",47.229
"Oct 21, 2014",25.057
"Oct 26, 2014",67.815
"Nov 1, 2014",27.926
"Nov 6, 2014",23.242
"Nov 11, 2014",19.958
"Nov 16, 2014",22.054
"Nov 21, 2014",35.638
"Nov 26, 2014",27.581
"Dec 1, 2014",7.912
"Dec 6, 2014",2.427
"Dec 11, 2014",1.954
"Dec 16, 2014",1.244
"Dec 21, 2014",1.253
"Dec 26, 2014",1.205
"Jan 1, 2015",1.384
"Jan 6, 2015",1.029
"Jan 11, 2015",0.937
"Jan 16, 2015",0.754
"Jan 21, 2015",1.024
"Jan 26, 2015",1.065
"Feb 1, 2015",1.047
"Feb 6, 2015",1.507
"Feb 11, 2015",2.83
"Feb 16, 2015",4.547
"Feb 21, 2015",2.813
"Feb 26, 2015",0.716
"Mar 1, 2015",1.96
"Mar 6, 2015",2.055
"Mar 11, 2015",3.444
"Mar 16, 2015",2.302
"Mar 21, 2015",4.547
"Mar 26, 2015",5.214
"Apr 1, 2015",6.811
"Apr 6, 2015",16.93
"Apr 11, 2015",7.931
"Apr 16, 2015",3.966
"Apr 21, 2015",11.532
"Apr 26, 2015",10.134
"May 1, 2015",14.232
"May 6, 2015",25.144
"May 11, 2015",29.699
"May 16, 2015",46.765
"May 21, 2015",38.016
"May 26, 2015",35.005
"Jun 1, 2015",56.931
"Jun 6, 2015",53.719
"Jun 11, 2015",42.33
"Jun 16, 2015",36.107
"Jun 21, 2015",27.893
"Jun 26, 2015",53.827
"Jul 1, 2015",49.036
"Jul 6, 2015",95.617
"Jul 11, 2015",123.704
"Jul 16, 2015",114.363
"Jul 21, 2015",89.975
"Jul 26, 2015",26.946
"Aug 1, 2015",62.114
"Aug 6, 2015",79.35
"Aug 11, 2015",117.465
"Aug 16, 2015",58.448
"Aug 21, 2015",112.912
"Aug 26, 2015",61.717
"Sep 1, 2015",81.317
"Sep 6, 2015",94.432
"Sep 11, 2015",53.462
"Sep 16, 2015",65.485
"Sep 21, 2015",67.126
"Sep 26, 2015",91.556
"Oct 1, 2015",34.44
"Oct 6, 2015",71.647
"Oct 11, 2015",54.95
"Oct 16, 2015",37.584
"Oct 21, 2015",32.783
"Oct 26, 2015",45.93
"Nov 1, 2015",26.385
"Nov 6, 2015",19.286
"Nov 11, 2015",32.826
"Nov 16, 2015",3.281
"Nov 21, 2015",12.415
"Nov 26, 2015",3.619
"Dec 1, 2015",1.792
"Dec 6, 2015",3.29
"Dec 11, 2015",1.865
"Dec 16, 2015",1.632
"Dec 21, 2015",3.779
"Dec 26, 2015",2.99
"Jan 1, 2016",1.674
"Jan 6, 2016",1.136
"Jan 11, 2016",0.853
"Jan 16, 2016",1.208
"Jan 21, 2016",2.167
"Jan 26, 2016",1.153
"Feb 1, 2016",1.272
"Feb 6, 2016",1.745
"Feb 11, 2016",1.284
"Feb 16, 2016",4.424
"Feb 21, 2016",1.539
"Feb 26, 2016",0.835
"Mar 1, 2016",2.341
"Mar 6, 2016",2.121
"Mar 11, 2016",1.983
"Mar 16, 2016",2.874
"Mar 21, 2016",6.878
"Mar 26, 2016",6.628
"Apr 1, 2016",4.569
"Apr 6, 2016",5.015
"Apr 11, 2016",10.904
"Apr 16, 2016",16.356
"Apr 21, 2016",14.077
"Apr 26, 2016",8.109
"May 1, 2016",20.296
"May 6, 2016",19.279
"May 11, 2016",40.901
"May 16, 2016",14.52
"May 21, 2016",24.631
"May 26, 2016",22.009
"Jun 1, 2016",58.68
"Jun 6, 2016",72.414
"Jun 11, 2016",51.144
"Jun 16, 2016",57.983
"Jun 21, 2016",57.302
"Jun 26, 2016",67.492
"Jul 1, 2016",106.16
"Jul 6, 2016",93.972
"Jul 11, 2016",74.133
"Jul 16, 2016",66.549
"Jul 21, 2016",77.278
"Jul 26, 2016",176.74
"Aug 1, 2016",89.751
"Aug 6, 2016",67.82
"Aug 11, 2016",66.619
"Aug 16, 2016",72.209
"Aug 21, 2016",95.657
"Aug 26, 2016",101.764
"Sep 1, 2016",86.756
"Sep 6, 2016",95.888
"Sep 11, 2016",106.475
"Sep 16, 2016",121.438
"Sep 21, 2016",72.558
"Sep 26, 2016",90.533
"Oct 1, 2016",28.129
"Oct 6, 2016",53.531
"Oct 11, 2016",36.613
"Oct 16, 2016",52.998
"Oct 21, 2016",59.403
"Oct 26, 2016",78.522
"Nov 1, 2016",28.043
"Nov 6, 2016",12.675
"Nov 11, 2016",19.259
"Nov 16, 2016",34.037
"Nov 21, 2016",23.865
"Nov 26, 2016",27.736
"Dec 1, 2016",4.284
"Dec 6, 2016",3.312
"Dec 11, 2016",4.339
"Dec 16, 2016",1.742
"Dec 21, 2016",1.303
"Dec 26, 2016",1.2
"Jan 1, 2017",1.175
"Jan 6, 2017",0.959
"Jan 11, 2017",1.119
"Jan 16, 2017",0.672
"Jan 21, 2017",0.714
"Jan 26, 2017",0.97
"Feb 1, 2017",1.08
"Feb 6, 2017",1.774
"Feb 11, 2017",1.726
"Feb 16, 2017",3.241
"Feb 21, 2017",2.826
"Feb 26, 2017",5.83
"Mar 1, 2017",9.571
"Mar 6, 2017",6.703
"Mar 11, 2017",6.405
"Mar 16, 2017",5.649
"Mar 21, 2017",10.682
"Mar 26, 2017",15.239
"Apr 1, 2017",3.698
"Apr 6, 2017",7.133
"Apr 11, 2017",16.622
"Apr 16, 2017",10.923
"Apr 21, 2017",9.911
"Apr 26, 2017",24.045
"May 1, 2017",36.642
"May 6, 2017",34.785
"May 11, 2017",26.138
"May 16, 2017",16.364
"May 21, 2017",56.771
"May 26, 2017",36.413
"Jun 1, 2017",42.631
"Jun 6, 2017",55.519
"Jun 11, 2017",52.937
"Jun 16, 2017",80.332
"Jun 21, 2017",61.531
"Jun 26, 2017",92.955
"Jul 1, 2017",78.849
"Jul 6, 2017",137.21
"Jul 11, 2017",34.164
"Jul 16, 2017",46.044
"Jul 21, 2017",56.087
"Jul 26, 2017",129.555
"Aug 1, 2017",119.384
"Aug 6, 2017",106.845
"Aug 11, 2017",135.142
"Aug 16, 2017",71.767
"Aug 21, 2017",66.886
"Aug 26, 2017",141.077
"Sep 1, 2017",75.188
"Sep 6, 2017",50.642
"Sep 11, 2017",88.948
"Sep 16, 2017",70.472
"Sep 21, 2017",46.081
"Sep 26, 2017",104.338
"Oct 1, 2017",53.101
"Oct 6, 2017",63.216
"Oct 11, 2017",33.959
"Oct 16, 2017",35.574
"Oct 21, 2017",43.202
"Oct 26, 2017",42.452
"Nov 1, 2017",47.802
"Nov 6, 2017",18.37
"Nov 11, 2017",6.59
"Nov 16, 2017",27.194
"Nov 21, 2017",26.287
"Nov 26, 2017",9.974
"Dec 1, 2017",4.2
"Dec 6, 2017",1.245
"Dec 11, 2017",1.151
"Dec 16, 2017",1.313
"Dec 21, 2017",3.945
"Dec 26, 2017",1.206
"Jan 1, 2018",1.314
"Jan 6, 2018",0.973
"Jan 11, 2018",0.876
"Jan 16, 2018",0.758
"Jan 21, 2018",0.779
"Jan 26, 2018",1.071
"Feb 1, 2018",1.659
"Feb 6, 2018",1.146
"Feb 11, 2018",1.132
"Feb 16, 2018",1.164
"Feb 21, 2018",2.309
"Feb 26, 2018",4.782
"Mar 1, 2018",14.271
"Mar 6, 2018",11.373
"Mar 11, 2018",5.686
"Mar 16, 2018",6.436
"Mar 21, 2018",3.558
"Mar 26, 2018",6.936
"Apr 1, 2018",3.645
"Apr 6, 2018",11.097
"Apr 11, 2018",10.786
"Apr 16, 2018",4.85
"Apr 21, 2018",2.435
"Apr 26, 2018",15.556
"May 1, 2018",6.832
"May 6, 2018",9.699
"May 11, 2018",18.049
"May 16, 2018",17.277
"May 21, 2018",12.361
"May 26, 2018",26.648
"Jun 1, 2018",53.378
"Jun 6, 2018",63.261
"Jun 11, 2018",54.1
"Jun 16, 2018",67.277
"Jun 21, 2018",33.764
"Jun 26, 2018",43.566
"Jul 1, 2018",74.212
"Jul 6, 2018",72.402
"Jul 11, 2018",55.213
"Jul 16, 2018",76.82
"Jul 21, 2018",117.549
"Jul 26, 2018",51.643
"Aug 1, 2018",41.58
"Aug 6, 2018",46.834
"Aug 11, 2018",64.957
"Aug 16, 2018",136.191
"Aug 21, 2018",122.649
"Aug 26, 2018",98.75
"Sep 1, 2018",62.561
"Sep 6, 2018",63.049
"Sep 11, 2018",75.277
"Sep 16, 2018",90.341
"Sep 21, 2018",65.829
"Sep 26, 2018",83.779
"Oct 1, 2018",43.012
"Oct 6, 2018",49.447
"Oct 11, 2018",36.894
"Oct 16, 2018",42.334
"Oct 21, 2018",23.248
"Oct 26, 2018",100.766
"Nov 1, 2018",37.708
"Nov 6, 2018",35.611
"Nov 11, 2018",26.646
"Nov 16, 2018",55.31
"Nov 21, 2018",21.052
"Nov 26, 2018",10.583
"Dec 1, 2018",1.602
"Dec 6, 2018",1.679
"Dec 11, 2018",3.181
"Dec 16, 2018",1.568
"Dec 21, 2018",1.543
"Dec 26, 2018",1.977
"Jan 1, 2019",1.427
"Jan 6, 2019",1.199
"Jan 11, 2019",0.886
"Jan 16, 2019",0.827
"Jan 21, 2019",0.846
"Jan 26, 2019",1.071
"Feb 1, 2019",2.767
"Feb 6, 2019",1.157
"Feb 11, 2019",1.199
"Feb 16, 2019",1.727
"Feb 21, 2019",1.177
"Feb 26, 2019",0.794
"Mar 1, 2019",2.221
"Mar 6, 2019",4.487
"Mar 11, 2019",2.252
"Mar 16, 2019",3.354
"Mar 21, 2019",9.044
"Mar 26, 2019",6.998
"Apr 1, 2019",11.36
"Apr 6, 2019",9.671
"Apr 11, 2019",5.186
"Apr 16, 2019",6.088
"Apr 21, 2019",3.253
"Apr 26, 2019",15.449
"May 1, 2019",23.506
"May 6, 2019",12.021
"May 11, 2019",14.983
"May 16, 2019",33.557
"May 21, 2019",29.985
"May 26, 2019",32.99
"Jun 1, 2019",56.262
"Jun 6, 2019",43.643
"Jun 11, 2019",58.923
"Jun 16, 2019",22.006
"Jun 21, 2019",38.856
"Jun 26, 2019",88.563
"Jul 1, 2019",79.624
"Jul 6, 2019",77.688
"Jul 11, 2019",139.124
"Jul 16, 2019",80.431
"Jul 21, 2019",79.147
"Jul 26, 2019",155.401
"Aug 1, 2019",99.609
"Aug 6, 2019",109.193
"Aug 11, 2019",75.062
"Aug 16, 2019",69.595
"Aug 21, 2019",98.19
"Aug 26, 2019",93.331
"Sep 1, 2019",74.258
"Sep 6, 2019",76.846
"Sep 11, 2019",63.031
"Sep 16, 2019",81.287
"Sep 21, 2019",121.67
"Sep 26, 2019",56.349
"Oct 1, 2019",73.873
"Oct 6, 2019",42.42
"Oct 11, 2019",29.744
"Oct 16, 2019",30.766
"Oct 21, 2019",58.092
"Oct 26, 2019",64.836
"Nov 1, 2019",55.597
"Nov 6, 2019",17.774
"Nov 11, 2019",25.469
"Nov 16, 2019",41.709
"Nov 21, 2019",6.68
"Nov 26, 2019",3.391
"Dec 1, 2019",1.374
"Dec 6, 2019",2.44
"Dec 11, 2019",1.344
"Dec 16, 2019",1.25
"Dec 21, 2019",1.253
"Dec 26, 2019",1.144
"Jan 1, 2020",1.325
"Jan 6, 2020",0.977
"Jan 11, 2020",0.819
"Jan 16, 2020",0.764
"Jan 21, 2020",1.987
"Jan 26, 2020",1.198
"Feb 1, 2020",1.5
"Feb 6, 2020",1.191
"Feb 11, 2020",1.511
"Feb 16, 2020",1.218
"Feb 21, 2020",3.531
"Feb 26, 2020",0.834
"Mar 1, 2020",2.292
"Mar 6, 2020",7.216
"Mar 11, 2020",4.487
"Mar 16, 2020",5.549
"Mar 21, 2020",20.754
"Mar 26, 2020",11.897
"Apr 1, 2020",14.075
"Apr 6, 2020",22.266
"Apr 11, 2020",43.164
"Apr 16, 2020",59.113
"Apr 21, 2020",40.772
"Apr 26, 2020",25.781
"May 1, 2020",13.461
"May 6, 2020",44.344
"May 11, 2020",68.97
"May 16, 2020",37.785
"May 21, 2020",11.409
"May 26, 2020",53.19
"Jun 1, 2020",57.963
"Jun 6, 2020",47.563
"Jun 11, 2020",45.23
"Jun 16, 2020",65.92
"Jun 21, 2020",35.974
"Jun 26, 2020",47.967
"Jul 1, 2020",104.237
"Jul 6, 2020",54.301
"Jul 11, 2020",96.899
"Jul 16, 2020",47.491
"Jul 21, 2020",97.683
"Jul 26, 2020",97.551
"Aug 1, 2020",82.427
"Aug 6, 2020",46.444
"Aug 11, 2020",72.182
"Aug 16, 2020",60.983
"Aug 21, 2020",54.511
"Aug 26, 2020",93.914
"Sep 1, 2020",50.078
"Sep 6, 2020",92.419
"Sep 11, 2020",37.476
"Sep 16, 2020",98.39
"Sep 21, 2020",56.952
"Sep 26, 2020",77.111
"Oct 1, 2020",38.434
"Oct 6, 2020",46.779
"Oct 11, 2020",35.016
"Oct 16, 2020",54.883
"Oct 21, 2020",51.932
"Oct 26, 2020",9.23
"Nov 1, 2020",15.352
"Nov 6, 2020",7.922
"Nov 11, 2020",2.128
"Nov 16, 2020",7.729
"Nov 21, 2020",11.895
"Nov 26, 2020",18.281
"Dec 1, 2020",4.291
"Dec 6, 2020",4.671
"Dec 11, 2020",2.943
"Dec 16, 2020",5.329
"Dec 21, 2020",1.958
"Dec 26, 2020",1.059
"Jan 1, 2021",2.092
"Jan 6, 2021",1.174
"Jan 11, 2021",1.099
"Jan 16, 2021",0.76
"Jan 21, 2021",0.67
"Jan 26, 2021",0.902
"Feb 1, 2021",1.762
"Feb 6, 2021",3.666
"Feb 11, 2021",2.515
"Feb 16, 2021",9.327
"Feb 21, 2021",2.283
"Feb 26, 2021",1.736
"Mar 1, 2021",2.157
"Mar 6, 2021",12.928
"Mar 11, 2021",2.992
"Mar 16, 2021",2.88
"Mar 21, 2021",5.227
"Mar 26, 2021",14.299
"Apr 1, 2021",2.787
"Apr 6, 2021",10.573
"Apr 11, 2021",17.508
"Apr 16, 2021",13.128
"Apr 21, 2021",17.519
"Apr 26, 2021",8.558
"May 1, 2021",16.085
"May 6, 2021",36.729
"May 11, 2021",57.049
"May 16, 2021",39.052
"May 21, 2021",44.231
"May 26, 2021",33.399
"Jun 1, 2021",31.014
"Jun 6, 2021",46.881
"Jun 11, 2021",58.887
"Jun 16, 2021",56.969
"Jun 21, 2021",64.079
"Jun 26, 2021",67.986
"Jul 1, 2021",77.988
"Jul 6, 2021",42.451
"Jul 11, 2021",86.587
"Jul 16, 2021",84.606
"Jul 21, 2021",36.106
"Jul 26, 2021",43.913
"Aug 1, 2021",70.796
"Aug 6, 2021",69.341
"Aug 11, 2021",73.404
"Aug 16, 2021",65.265
"Aug 21, 2021",115.514
"Aug 26, 2021",107.352
"Sep 1, 2021",42.104
"Sep 6, 2021",45.165
"Sep 11, 2021",79.103
"Sep 16, 2021",55.845
"Sep 21, 2021",82.16
"Sep 26, 2021",79.698
"Oct 1, 2021",50.923
"Oct 6, 2021",51.195
"Oct 11, 2021",38.414
"Oct 16, 2021",34.87
"Oct 21, 2021",48.857
"Oct 26, 2021",112.546
"Nov 1, 2021",20.207
"Nov 6, 2021",35.854
"Nov 11, 2021",38.228
"Nov 16, 2021",3.787
"Nov 21, 2021",9.71
"Nov 26, 2021",15.765
"Dec 1, 2021",6.354
"Dec 6, 2021",1.356
"Dec 11, 2021",2.88
"Dec 16, 2021",1.898
"Dec 21, 2021",1.191
"Dec 26, 2021",1.233
"Jan 1, 2022",1.362
"Jan 6, 2022",0.862
"Jan 11, 2022",0.792
"Jan 16, 2022",0.771
"Jan 21, 2022",0.693
"Jan 26, 2022",0.995
"Feb 1, 2022",2.144
"Feb 6, 2022",1.363
"Feb 11, 2022",1.265
"Feb 16, 2022",2.491
"Feb 21, 2022",3.198
"Feb 26, 2022",0.804
"Mar 1, 2022",2.532
"Mar 6, 2022",2.288
"Mar 11, 2022",2.779
"Mar 16, 2022",4.738
"Mar 21, 2022",8.05
"Mar 26, 2022",11.603
"Apr 1, 2022",6.056
"Apr 6, 2022",14.309
"Apr 11, 2022",13.569
"Apr 16, 2022",5.54
"Apr 21, 2022",18.194
"Apr 26, 2022",18.951
"May 1, 2022",26.796
"May 6, 2022",32.982
"May 11, 2022",16.934
"May 16, 2022",23.396
"May 21, 2022",53.476
"May 26, 2022",38.362
"Jun 1, 2022",70.432
"Jun 6, 2022",71.425
"Jun 11, 2022",61.459
"Jun 16, 2022",54.161
"Jun 21, 2022",69.989
"Jun 26, 2022",54.623
"Jul 1, 2022",57.842
"Jul 6, 2022",54.787
"Jul 11, 2022",61.157
"Jul 16, 2022",34.81
"Jul 21, 2022",58.752
"Jul 26, 2022",44.428
"Aug 1, 2022",66.173
"Aug 6, 2022",80.125
"Aug 11, 2022",62.539
"Aug 16, 2022",113.157
"Aug 21, 2022",80.782
"Aug 26, 2022",121.577
"Sep 1, 2022",75.164
"Sep 6, 2022",90.632
"Sep 11, 2022",49.691
"Sep 16, 2022",42.718
"Sep 21, 2022",61.096
"Sep 26, 2022",54.338
"Oct 1, 2022",36.539
"Oct 6, 2022",36.27
"Oct 11, 2022",50.225
"Oct 16, 2022",23.401
"Oct 21, 2022",39.923
"Oct 26, 2022",45.991
"Nov 1, 2022",11.47
"Nov 6, 2022",12.354
"Nov 11, 2022",29.929
"Nov 16, 2022",7.869
"Nov 21, 2022",4.05
"Nov 26, 2022",13.275
"Dec 1, 2022",7.555
"Dec 6, 2022",3.047
"Dec 11, 2022",1.468
"Dec 16, 2022",2.296
"Dec 21, 2022",1.548
"Dec 26, 2022",2.474
"Jan 1, 2023",1.222
"Jan 6, 2023",0.904
"Jan 11, 2023",0.811
"Jan 16, 2023",0.703
"Jan 21, 2023",1.047
"Jan 26, 2023",1.393
"Feb 1, 2023",1.068
"Feb 6, 2023",1.764
"Feb 11, 2023",2.514
"Feb 16, 2023",1.401
"Feb 21, 2023",1.274
"Feb 26, 2023",0.698
"Mar 1, 2023",3.03
"Mar 6, 2023",6.427
"Mar 11, 2023",3.463
"Mar 16, 2023",2.272
"Mar 21, 2023",4.033
"Mar 26, 2023",11.974
"Apr 1, 2023",4.576
"Apr 6, 2023",8.477
"Apr 11, 2023",7.688
"Apr 16, 2023",17.343
"Apr 21, 2023",13.834
"Apr 26, 2023",17.035
"May 1, 2023",28.109
"May 6, 2023",34.566
"May 11, 2023",31.849
"May 16, 2023",34.5
"May 21, 2023",74.294
"May 26, 2023",49.017
"Jun 1, 2023",134.286
"Jun 6, 2023",50.25
"Jun 11, 2023",39.72
"Jun 16, 2023",67.691
"Jun 21, 2023",52.311
"Jun 26, 2023",81.592
"Jul 1, 2023",70.101
"Jul 6, 2023",60.631
"Jul 11, 2023",115.53
"Jul 16, 2023",110.972
"Jul 21, 2023",88.862
"Jul 26, 2023",181.937
"Aug 1, 2023",82.916
"Aug 6, 2023",99.237
"Aug 11, 2023",98.869
"Aug 16, 2023",103.141
"Aug 21, 2023",86.787
"Aug 26, 2023",87.328
"Sep 1, 2023",71.378
"Sep 6, 2023",36.364
"Sep 11, 2023",47.1
"Sep 16, 2023",72.059
"Sep 21, 2023",69.131
"Sep 26, 2023",42.074
"Oct 1, 2023",64.913
"Oct 6, 2023",60.249
"Oct 11, 2023",85.78
"Oct 16, 2023",45.541
"Oct 21, 2023",66.227
"Oct 26, 2023",29.975
"Nov 1, 2023",16.597
"Nov 6, 2023",35.479
"Nov 11, 2023",16.429
"Nov 16, 2023",28.303
"Nov 21, 2023",3.654
"Nov 26, 2023",46.957
"Dec 1, 2023",12.66
"Dec 6, 2023",1.33
"Dec 11, 2023",1.282
"Dec 16, 2023",6.845
"Dec 21, 2023",1.458
"Dec 26, 2023",1.443
"Jan 1, 2024",1.198
"Jan 6, 2024",0.861
"Jan 11, 2024",1.026
"Jan 16, 2024",0.729
"Jan 21, 2024",0.692
"Jan 26, 2024",1.174
"Feb 1, 2024",2.989
"Feb 6, 2024",1.133
"Feb 11, 2024",1.559
"Feb 16, 2024",3.262
"Feb 21, 2024",1.124
"Feb 26, 2024",0.769
"Mar 1, 2024",2.73
"Mar 6, 2024",3.4
"Mar 11, 2024",3.158
"Mar 16, 2024",4.716
"Mar 21, 2024",2.416
"Mar 26, 2024",4.474
"Apr 1, 2024",11.923
"Apr 6, 2024",8.078
"Apr 11, 2024",2.329
"Apr 16, 2024",5.282
"Apr 21, 2024",14.229
"Apr 26, 2024",6.547
"May 1, 2024",18.252
"May 6, 2024",32.015
"May 11, 2024",38.356
"May 16, 2024",32.115
"May 21, 2024",16.759
"May 26, 2024",34.681
"Jun 1, 2024",36.829
"Jun 6, 2024",32.604
"Jun 11, 2024",31.777
"Jun 16, 2024",53.46
"Jun 21, 2024",47.345
"Jun 26, 2024",87.909
"Jul 1, 2024",34.865
"Jul 6, 2024",61.091
"Jul 11, 2024",53.788
"Jul 16, 2024",102.261
"Jul 21, 2024",75.339
"Jul 26, 2024",156.61
"Aug 1, 2024",71.297
"Aug 6, 2024",69.417
"Aug 11, 2024",108.501
"Aug 16, 2024",77.228
"Aug 21, 2024",127.208
"Aug 26, 2024",122.488
"Sep 1, 2024",76.457
"Sep 6, 2024",57.571
"Sep 11, 2024",82.656
"Sep 16, 2024",33.677
"Sep 21, 2024",76.62
"Sep 26, 2024",74.281
"Oct 1, 2024",52.848
"Oct 6, 2024",34.804
"Oct 11, 2024",42.058
"Oct 16, 2024",56.69
"Oct 21, 2024",57.981
"Oct 26, 2024",41.919
"Nov 1, 2024",9.707
"Nov 6, 2024",1.52
"Nov 11, 2024",12.466
"Nov 16, 2024",25.76
"Nov 21, 2024",2.562
"Nov 26, 2024",3.253
"Dec 1, 2024",1.845
"Dec 6, 2024",3.367
"Dec 11, 2024",1.228
"Dec 16, 2024",1.37
"Dec 21, 2024",1.436
"Dec 26, 2024",1.435
